cfda_program_title,opdiv,award_title,recipient_name,total_dollars
Allergy and Infectious Diseases Research,NIH,Fluomics: The Next Generation,ICAHN SCHOOL OF MEDICINE AT MOUNT SINAI,635916
Allergy and Infectious Diseases Research,NIH,Vaccine and Treatment Evaluation Unit at Saint Louis University,SAINT LOUIS UNIVERSITY,532714
Allergy and Infectious Diseases Research,NIH,Human monoclonal antibodies for prophylaxis and therapy against the new coronavirus,ROCKEFELLER UNIVERSITY,400050
Allergy and Infectious Diseases Research,NIH,World Reference Center for Emerging Viruses and Arboviruses (WRCEVA),"UNIVERSITY OF TEXAS, MEDICAL BRANCH AT GALVESTON",355500
Allergy and Infectious Diseases Research,NIH,Optimizing eCD4-Ig for eradication and a functional cure,SCRIPPS RESEARCH INSTITUTE-FLORIDA,331181
Allergy and Infectious Diseases Research,NIH,Implementing Vaccine and Treatment Evaluation Unit (VTEU) clinical site protocols,UNIVERSITY OF MARYLAND BALTIMORE PROFESSIONAL SCHOOLS,319589
Allergy and Infectious Diseases Research,NIH,University of Rochester Vaccine and Treatment Evaluation Unit (VTEU),UNIVERSITY OF ROCHESTER,270156
Allergy and Infectious Diseases Research,NIH,New ACE2 activator and its prodrug as novel therapeutic reagents for inflammatory pulmonary diseases,JOHNS HOPKINS UNIVERSITY,239249
Allergy and Infectious Diseases Research,NIH,Vanderbilt Vaccine and Treatment Evaluation Unit,VANDERBILT UNIVERSITY MEDICAL CENTER,192338
Allergy and Infectious Diseases Research,NIH,Consortium for HIV/AIDS Vaccine Development,SCRIPPS RESEARCH INSTITUTE,188714
Emerging Infections Programs,CDC,Health Research Inc./New York State Department of Health Emerging Infections Program,"HEALTH RESEARCH, INC.",2700000
Emerging Infections Programs,CDC,"Emerging Infections Programs to address key public health issues and inform public health policy and treatment guidelines, focusing on activities that lead directly to the prevention of disease.",TN ST DEPARTMENT OF HEALTH,2690000
Emerging Infections Programs,CDC,Emerging Infections Programs,Georgia Department of Public Health,2660000
Emerging Infections Programs,CDC,Minnesota Department of Health Emerging Infection Program,MN ST DEPARTMENT OF HEALTH,2650000
Emerging Infections Programs,CDC,California Emerging Infections Program 2019,"PUBLIC HEALTH FOUNDATION ENTERPRISES, INC",2600000
Emerging Infections Programs,CDC,Emerging Infections Program - New Mexico,NM ST DEPARTMENT OF HEALTH & ENVIRONMENT,2600000
Emerging Infections Programs,CDC,Emerging Infections Programs,CO ST DEPT PUBLIC HLTH&ENVIRONMENT,2600000
Emerging Infections Programs,CDC,Maryland Emerging Infections Program (2017 - 2021),"HEALTH, MARYLAND DEPARTMENT OF",2600000
Emerging Infections Programs,CDC,Oregon Emerging Infections Program,OR ST HEALTH DIVISION,2600000
Emerging Infections Programs,CDC,The Connecticut Emerging Infections Program,CT ST DEPT OF PUBLIC HEALTH,2600000
Epidemiology and Laboratory Capacity for Infectious Diseases (ELC),CDC,CK19-1904 Epidemiology and Laboratory Capacity for Prevention and Control of Emerging Infectious Diseases (ELC),IL  ST  DEPT OF PUBLIC HEALTH,1000000
Epidemiology and Laboratory Capacity for Infectious Diseases (ELC),CDC,"Epidemiology and Laboratory Capacity for Infectious Diseases (ELC) - Building and Strengthening Epidemiology,Laboratory and Health Information Systems Capacity in State and Local Health Departments",WA ST DEPARTMENT OF HEALTH,1000000
Epidemiology and Laboratory Capacity for Infectious Diseases (ELC),CDC,"Hawaii's Epidemiology and Laboratory Capacity for Infectious Diseases (ELC), Enhancing Epidemiology, Laboratory, and Health Information Systems Capacity",HI ST DEPARTMENT OF HEALTH,1000000
Epidemiology and Laboratory Capacity for Infectious Diseases (ELC),CDC,Los Angeles County Epidemiology and Laboratory Capacity Cooperative Agreement 2019 Supplemental,LOS ANGELES COUNTY PUBLIC HEALTH DEPARTMENT,1000000
Epidemiology and Laboratory Capacity for Infectious Diseases (ELC),CDC,PHFE CDPH ELC 2019-2024,"PUBLIC HEALTH FOUNDATION ENTERPRISES, INC",1000000
Epidemiology and Laboratory Capacity for Infectious Diseases (ELC),CDC,The Epidemiology and Laboratory Capacity for Prevention and Control of Emerging Infectious Diseases(ELC),NEW YORK CITY DEPARTMENT OF HEALTH,1000000
Epidemiology and Laboratory Capacity for Infectious Diseases (ELC),CDC,2019 Epidemiology and Laboratory Capacity for Prevention and Control of Emerging Infectious Disease (ELC),NM ST DEPARTMENT OF HEALTH & ENVIRONMENT,500000
Epidemiology and Laboratory Capacity for Infectious Diseases (ELC),CDC,2019 Epidemiology and Laboratory Capacity for Prevention and Control of Emerging Infectious Diseases (ELC),MN ST DEPARTMENT OF HEALTH,500000
Epidemiology and Laboratory Capacity for Infectious Diseases (ELC),CDC,CK19-1904 Epidemiology and Laboratory Capacity for Prevention and Control of Emerging Infectious Diseases (ELC),"HEALTH, MARYLAND DEPARTMENT OF",500000
Epidemiology and Laboratory Capacity for Infectious Diseases (ELC),CDC,CK19-1904 Epidemiology and Laboratory Capacity for Prevention and Control of Emerging Infectious Diseases (ELC),MICHIGAN DEPARTMENT OF HEALTH AND HUMAN SERVICES,500000
Epidemiology and Laboratory Capacity for Infectious Diseases (ELC),CDC,"Epidemiology and Laboratory Capacity for Prevention and Control of Emerging Infectious Diseases (ELC) - Building and Strengthening Epidemiology, Laboratory and Health Information Systems Capacity",TN ST DEPARTMENT OF HEALTH,500000
Epidemiology and Laboratory Capacity for Infectious Diseases (ELC),CDC,See attached document,CO ST DEPT PUBLIC HLTH&ENVIRONMENT,500000
Epidemiology and Laboratory Capacity for Infectious Diseases (ELC),CDC,State of Connecticut Department of Public Health Epidemiology and Laboratory Capacity for Prevention and Control of Emerging Infectious Diseases,CT ST DEPT OF PUBLIC HEALTH,500000
Epidemiology and Laboratory Capacity for Infectious Diseases (ELC),CDC,Wisconsin's Application for the 2019 Epidemiology and Laboratory Capacity forPrevention and Control of Emerging Infectious Diseases (ELC) Cooperative Agreement,WI ST DEPARTMENT OF HEALTH & SOCIAL SERVICES,500000
Hospital Preparedness Program (HPP) Ebola Preparedness and Response Activities,DHHS/OS,Hospital Preparedness Program (HPP) Ebola Preparedness and Response Activities,Georgia Department of Public Health,300000
Hospital Preparedness Program (HPP) Ebola Preparedness and Response Activities,DHHS/OS,Hospital Preparedness Program (HPP) Ebola Preparedness and Response Activities,MA ST DEPARTMENT OF PUBLIC HEALTH,300000
Hospital Preparedness Program (HPP) Ebola Preparedness and Response Activities,DHHS/OS,Hospital Preparedness Program (HPP) Ebola Preparedness and Response Activities,TX DEPT OF STATE HEALTH SERVICES,300000
Hospital Preparedness Program (HPP) Ebola Preparedness and Response Activities,DHHS/OS,Hospital Preparedness Program (HPP) Ebola Preparedness and Response Activities,WA ST DEPARTMENT OF HEALTH,300000
Hospital Preparedness Program (HPP) Ebola Preparedness and Response Activities,DHHS/OS,Hospital Preparedness Program (HPP) Ebola Preparedness and Response Activities-Part B: Development of a Regional Network for Ebola Patient Care,MN ST DEPARTMENT OF HEALTH,300000
Hospital Preparedness Program (HPP) Ebola Preparedness and Response Activities,DHHS/OS,Hospital Preparedness Program (HPP) Ebola Preparedness and Response Activities Part B,CO ST DEPT PUBLIC HLTH&ENVIRONMENT,300000
Hospital Preparedness Program (HPP) Ebola Preparedness and Response Activities,DHHS/OS,Hospital Preparedness Program (HPP) Ebola Preparedness and Response Activities Part B,"HEALTH, MARYLAND DEPARTMENT OF",300000
Hospital Preparedness Program (HPP) Ebola Preparedness and Response Activities,DHHS/OS,Hospital Preparedness Program: Development of a Regional Network for Ebola Patient Care,California Dept of Public Health,300000
Hospital Preparedness Program (HPP) Ebola Preparedness and Response Activities,DHHS/OS,NYC DOHMH HPP Ebola Preparedness Part B,Public Health Solutions,300000
Hospital Preparedness Program (HPP) Ebola Preparedness and Response Activities,DHHS/OS,"Year 5: Facilitate and maintain a regional network capable of providing safe and effective care for patients with a highly infectious disease, including but not limited to, Ebola Virus Disease (EVD).",NE ST DEPT OF HEALTH AND HUMAN SERVICES,300000
National Bioterrorism Hospital Preparedness Program,DHHS/OS,Hospital Preparedness Program (HPP) Cooperative Agreement,PA ST DEPARTMENT OF HEALTH,2524757
National Bioterrorism Hospital Preparedness Program,DHHS/OS,Hospital Preparedness Program Cooperative Agreement,California Dept of Public Health,2225249
National Bioterrorism Hospital Preparedness Program,DHHS/OS,Hospital Preparedness Program Cooperative Agreement Department of Health and Human Services,"HEALTH RESEARCH, INC.",2128040
National Bioterrorism Hospital Preparedness Program,DHHS/OS,Texas DSHS Hospital Preparedness Program (HPP) Cooperative Agreement,TX DEPT OF STATE HEALTH SERVICES,2077613
National Bioterrorism Hospital Preparedness Program,DHHS/OS,"BP1, FY19 Michigan Healthcare Preparedness Project",MICHIGAN DEPARTMENT OF HEALTH AND HUMAN SERVICES,1960337
National Bioterrorism Hospital Preparedness Program,DHHS/OS,Hospital Preparedness Program Cooperative Agreement,FL ST DEPT OF HLTH,1637980
National Bioterrorism Hospital Preparedness Program,DHHS/OS,Georgia's Healthcare Preparedness Program,Georgia Department of Public Health,1403353
National Bioterrorism Hospital Preparedness Program,DHHS/OS,To build and strengthen Wisconsin's ability to respond effectively to public health threats.,Wisconsin Department of Health Services.,1204251
National Bioterrorism Hospital Preparedness Program,DHHS/OS,Enhance the acute care medical surge capacity through the maintenance and growth of strong HCCs in Ohio.,OH ST DEPARTMENT OF PUBLIC HEALTH,1189137
National Bioterrorism Hospital Preparedness Program,DHHS/OS,Strengthen and enhance the acute care medical surge capacity through the maintenance and growth of strong HCC's throughout Chicago.,CHICAGO DEPARTMENT OF HEALTH,1044160
National Bioterrorism Hospital Preparedness Program,DHHS/OS,Massachusetts Health Emergency Preparedness program,MA ST DEPARTMENT OF PUBLIC HEALTH,1032476
National Bioterrorism Hospital Preparedness Program,DHHS/OS,HPP Cooperative Agreement,IL  ST  DEPT OF PUBLIC HEALTH,1030084
National Bioterrorism Hospital Preparedness Program,DHHS/OS,Virginia Hospital Preparedness Program,VA ST DEPARTMENT OF HEALTH,1020234
National Bioterrorism Hospital Preparedness Program,DHHS/OS,Hospital Preparedness Program Cooperative Agreement EP-U3R-19-001,WA ST DEPARTMENT OF HEALTH,1012961
National Bioterrorism Hospital Preparedness Program,DHHS/OS,Los Angeles County Hospital Preparedness Program,LOS ANGELES COUNTY PUBLIC HEALTH DEPARTMENT,989758
National Bioterrorism Hospital Preparedness Program,DHHS/OS,Hospital Preparedness Program,NJ ST DEPARTMENT OF PUBLIC HEALTH,922390
National Bioterrorism Hospital Preparedness Program,DHHS/OS,Hospital Preparedness Program,CO ST DEPT PUBLIC HLTH&ENVIRONMENT,859604
National Bioterrorism Hospital Preparedness Program,DHHS/OS,NYC DOHMH FY19 (BP1) HPP,Public Health Solutions,792813
National Bioterrorism Hospital Preparedness Program,DHHS/OS,Emergency Public Health Response,DC Office of Health Care Finance,790911
National Bioterrorism Hospital Preparedness Program,DHHS/OS,Hospital Preparedness Program (HPP),MN ST DEPARTMENT OF HEALTH,788758
National Bioterrorism Hospital Preparedness Program,DHHS/OS,Hospital Preparedness Program Cooperative Agreement (Program Announcement EP-U3R-19-001),North Carolina Department of Health and Human Services,764686
National Bioterrorism Hospital Preparedness Program,DHHS/OS,Hospital Preparedness Program Cooperative Agreement,CT ST DEPT OF PUBLIC HEALTH,734403
National Bioterrorism Hospital Preparedness Program,DHHS/OS,Hospital Preparedness Program (HPP) Cooperative Agreement,"HEALTH, MARYLAND DEPARTMENT OF",715337
National Bioterrorism Hospital Preparedness Program,DHHS/OS,HOSPITAL PREPAREDNESS GRANT,IN ST BOARD OF HEALTH,691051
National Bioterrorism Hospital Preparedness Program,DHHS/OS,To provide funds to build acute care medical surge capacity by ensuring that HPP recipients focus on objectives and activities that advance progress toward meeting the goals of the four capabililites.,AR DEPT OF HEALTH & HUMAN SERVICES,682400
National Bioterrorism Hospital Preparedness Program,DHHS/OS,Iowa Hospital Preparedness Program 2019 2020,IA ST DEPARTMENT OF PUBLIC HEALTH,662156
National Bioterrorism Hospital Preparedness Program,DHHS/OS,MISSOURI HPP COOPERATIVE AGREEMENT,MO ST DEPARTMENT OF HEALTH & SENIOR SERVICES,660091
National Bioterrorism Hospital Preparedness Program,DHHS/OS,Hospital Preparedness Program (HPP) Cooperative Agreement,TN ST DEPARTMENT OF HEALTH,629066
National Bioterrorism Hospital Preparedness Program,DHHS/OS,SC Dept. of Health and Environmental Control HPP Grant 2019 2024 BP1,SC ST DEPARTMENT OF HEALTH & ENVIRONMENTAL CONTROL,628506
National Bioterrorism Hospital Preparedness Program,DHHS/OS,Louisiana HPP Grant Application,"LA ST DEPT OF HEALTH & HOSPITALS, OFFICE OF MGMT & FIN",573918
National Bioterrorism Hospital Preparedness Program,DHHS/OS,Hospital Preparedness Program (HPP) Cooperative Agreement,OK ST DEPARTMENT OF HEALTH,533960
National Bioterrorism Hospital Preparedness Program,DHHS/OS,Hospital Preparedness Program (HPP)Cooperative Agreement,"Health And Human Resources, West Virginia Department Of",531047
National Bioterrorism Hospital Preparedness Program,DHHS/OS,Hospital Preparedness Program Cooperative Agreement (HPP),AZ ST DEPARTMENT OF HEALTH SERVICES,529485
National Bioterrorism Hospital Preparedness Program,DHHS/OS,Kansas HPP Program,KS ST DEPARTMENT OF HEALTH & ENVIRONMENT,476966
National Bioterrorism Hospital Preparedness Program,DHHS/OS,Hospital Preparedness Program Cooperative Agreement,ND ST DEPARTMENT OF HEALTH,473417
National Bioterrorism Hospital Preparedness Program,DHHS/OS,Kentucky's Hospital Preparedness Program Cooperative Agreement,KY ST CABINET FOR HEALTH AND FAMILY SERVICES,455484
National Bioterrorism Hospital Preparedness Program,DHHS/OS,2019 Announcement of availability of funds for the Assistant Secretary of Preparedness and Response Hospital Preparedness Program.,AL ST DEPARTMENT OF PUBLIC HEALTH,452402
National Bioterrorism Hospital Preparedness Program,DHHS/OS,Hospital Preparedness Program Grant Application- Mississippi,MS ST DEPARTMENT OF HEALTH,446289
National Bioterrorism Hospital Preparedness Program,DHHS/OS,Hospital Preparedness Program (HPP),"OR ST DEPARTMENT OF HUMAN RESOURCES, HEALTH DIVISION",405107
National Bioterrorism Hospital Preparedness Program,DHHS/OS,BP1 - Hospital Preparedness Program Cooperative Agreement,NE ST DEPT OF HEALTH AND HUMAN SERVICES,382214
National Bioterrorism Hospital Preparedness Program,DHHS/OS,SD HPP 2019-2020 Grant Application,SD ST DEPARTMENT OF HEALTH,350752
National Bioterrorism Hospital Preparedness Program,DHHS/OS,"Maine Department of Health and Human Services, Maine Center for Disease Control Public Health  Emergency Response: Public Health Emergency Preparedness (PHEP) Cooperative Agreement CDC-RFA-TP19-1901",ME ST DEPARTMENT OF HUMAN SERVICES,305847
National Bioterrorism Hospital Preparedness Program,DHHS/OS,Rhode Island Hospital Preparedness Program,RI ST DEPARTMENT OF HEALTH,297538
National Bioterrorism Hospital Preparedness Program,DHHS/OS,New Hampshire's Hospital Preparedness Program (HPP) for FY 2019 (1901-01 BP1),NH ST DEPARTMENT OF HEALTH & HUMAN SERVICES,277543
National Bioterrorism Hospital Preparedness Program,DHHS/OS,Hospital Preparedness Program,NM ST DEPARTMENT OF HEALTH & ENVIRONMENT,274114
National Bioterrorism Hospital Preparedness Program,DHHS/OS,Hospital Preparedness Program (HPP),MT ST DEPT OF PHHS,273861
National Bioterrorism Hospital Preparedness Program,DHHS/OS,Hospital Preparedness Program Cooperative Agreement,UTAH STATE DEPARTMENT OF HEALTH,273852
National Bioterrorism Hospital Preparedness Program,DHHS/OS,Wyoming Healthcare Preparedness Program,"WY ST DIV OF HLTH & MED SVCS, MNTH HLTH/MNTH RETARD SVC",254371
National Bioterrorism Hospital Preparedness Program,DHHS/OS,Nevada Healthcare Preparedness Program (HPP),"NV ST DEPARTMENT OF HUMAN RESOURCES, DIVISION OF HEALTH",254214
National Bioterrorism Hospital Preparedness Program,DHHS/OS,Idaho Public Health Preparedness and Response HPP Cooperative Agreement Application,ID ST DEPT OF HEALTH & WELFARE,225495
National Bioterrorism Hospital Preparedness Program,DHHS/OS,BP1 2020 Hospital Preparedness Program (HPP) cooperative Agreement,DE ST DEPARTMENT OF HEALTH & SOCIAL SERVICES,212582
National Bioterrorism Hospital Preparedness Program,DHHS/OS,Hospital Preparedness Program Cooperative Agreement,VERMONT AGENCY OF HUMAN SERVICES,201949
National Bioterrorism Hospital Preparedness Program,DHHS/OS,Hospital Preparedness Program Cooperative Agreement,HI ST DEPARTMENT OF HEALTH,174660
National Bioterrorism Hospital Preparedness Program,DHHS/OS,Alaska HPP Application,ALASKA DEPT OF HEALTH AND SOCIAL SERVICES,113011
National Ebola Training and Education Center (NETEC),DHHS/OS,National Ebola Training and Education Center,EMORY UNIVERSITY,5000000
Public Health Emergency Response:  Cooperative Agreement for Emergency Response: Public Health Crisis Response,CDC,Cooperative Agreement for Emergency Response: Public Health Crisis Response,California Dept of Public Health,59732436
Public Health Emergency Response:  Cooperative Agreement for Emergency Response: Public Health Crisis Response,CDC,Texas DSHS FY2019 Public Health Crisis Response (PHCR),TX DEPT OF STATE HEALTH SERVICES,55066699
Public Health Emergency Response:  Cooperative Agreement for Emergency Response: Public Health Crisis Response,CDC,Cooperative Agreement for Emergency Response: Public Health Crisis Response,FL ST DEPT OF HLTH,41220532
Public Health Emergency Response:  Cooperative Agreement for Emergency Response: Public Health Crisis Response,CDC,Los Angeles County Department of Public Health - Cooperative Agreement for Emergency Response: Public Health Crisis Response,LOS ANGELES COUNTY PUBLIC HEALTH DEPARTMENT,26367806
Public Health Emergency Response:  Cooperative Agreement for Emergency Response: Public Health Crisis Response,CDC,Public Health Crisis Response in New York State,"HEALTH RESEARCH, INC.",25322468
Public Health Emergency Response:  Cooperative Agreement for Emergency Response: Public Health Crisis Response,CDC,Cooperative Agreement for Emergency Response:  Public Health Crisis Response,PA ST DEPARTMENT OF HEALTH,24975894
Public Health Emergency Response:  Cooperative Agreement for Emergency Response: Public Health Crisis Response,CDC,NYC DOHMH Public Health Crisis Response FY 2019,Public Health Solutions,24096365
Public Health Emergency Response:  Cooperative Agreement for Emergency Response: Public Health Crisis Response,CDC,"Subject to the availability of funds, ODH would receive funds to rapidly mobilize and respond to public health emergencies in Ohio.",OH ST DEPARTMENT OF PUBLIC HEALTH,22988427
Public Health Emergency Response:  Cooperative Agreement for Emergency Response: Public Health Crisis Response,CDC,Earliest possible activation of emergency operations. Prioritized public health services and resources sustained throughout all phases of emergencies and incidents.,IL  ST  DEPT OF PUBLIC HEALTH,22735458
Public Health Emergency Response:  Cooperative Agreement for Emergency Response: Public Health Crisis Response,CDC,Public Health Crisis Response,Georgia Department of Public Health,21666345
Public Health Emergency Response:  Cooperative Agreement for Emergency Response: Public Health Crisis Response,CDC,Cooperative Agreement for Emergency Response: Public Health Crisis Response - NJDOH Application,NJ ST DEPARTMENT OF HEALTH AND SENIOR SERVICES,21224891
Public Health Emergency Response:  Cooperative Agreement for Emergency Response: Public Health Crisis Response,CDC,Cooperative Agreement for Emergency Response: Public Health Crisis Response,MICHIGAN DEPARTMENT OF HEALTH AND HUMAN SERVICES,21117129
Public Health Emergency Response:  Cooperative Agreement for Emergency Response: Public Health Crisis Response,CDC,CDC Cooperative Agreement for Emergency Response: Public Health Crisis Response CDC-RFA-TP18-1802,WA ST DEPARTMENT OF HEALTH,17980221
Public Health Emergency Response:  Cooperative Agreement for Emergency Response: Public Health Crisis Response,CDC,Cooperative Agreement for Emergency Response: Public Health Crisis Response,MA ST DEPARTMENT OF PUBLIC HEALTH,16499494
Public Health Emergency Response:  Cooperative Agreement for Emergency Response: Public Health Crisis Response,CDC,CRISIS COAG,AZ ST DEPARTMENT OF HEALTH SERVICES,16221912
Public Health Emergency Response:  Cooperative Agreement for Emergency Response: Public Health Crisis Response,CDC,Cooperative Agreement for Emergency Response: Public Health Crisis Response,IN ST BOARD OF HEALTH,14842611
Public Health Emergency Response:  Cooperative Agreement for Emergency Response: Public Health Crisis Response,CDC,Statewide Cooperative Agreement for Emergency Response: Public Health Crisis Response Activities,TN ST DEPARTMENT OF HEALTH,14345196
Public Health Emergency Response:  Cooperative Agreement for Emergency Response: Public Health Crisis Response,CDC,Maryland Public Health Crisis Response,"HEALTH, MARYLAND DEPARTMENT OF",14067743
Public Health Emergency Response:  Cooperative Agreement for Emergency Response: Public Health Crisis Response,CDC,North Carolina's Cooperative Agreement for Emergency Response: Public Health Crisis Response,North Carolina Department of Health and Human Services,13820515
Public Health Emergency Response:  Cooperative Agreement for Emergency Response: Public Health Crisis Response,CDC,Missouri Public Health Crisis Response,MO ST DEPARTMENT OF HEALTH & SENIOR SERVICES,13749947
Public Health Emergency Response:  Cooperative Agreement for Emergency Response: Public Health Crisis Response,CDC,Virginia Public Health Crisis Response,VA ST DEPARTMENT OF HEALTH,13621612
Public Health Emergency Response:  Cooperative Agreement for Emergency Response: Public Health Crisis Response,CDC,Public Health Crisis,CO ST DEPT PUBLIC HLTH&ENVIRONMENT,12921039
Public Health Emergency Response:  Cooperative Agreement for Emergency Response: Public Health Crisis Response,CDC,Public Health Crisis Response,"CHICAGO, CITY OF",12205759
Public Health Emergency Response:  Cooperative Agreement for Emergency Response: Public Health Crisis Response,CDC,Louisiana Crisis Response Program,Louisiana Department of Health and Hospitals,10742088
Public Health Emergency Response:  Cooperative Agreement for Emergency Response: Public Health Crisis Response,CDC,"To enhance Wisconsin's ability to rapidly mobilize, surge, and respond to public health emergencies identified by CDC.",WI ST Department of Health and Family Services,10700192
Public Health Emergency Response:  Cooperative Agreement for Emergency Response: Public Health Crisis Response,CDC,Cooperative Agreement for Emergency Response: Public Health Crisis Response Grant,MN ST DEPARTMENT OF HEALTH,10048124
Public Health Emergency Response:  Cooperative Agreement for Emergency Response: Public Health Crisis Response,CDC,Funding will be used for crisis planning and active response to a highly infectious disease or other disaster that results in a large scale public health emergency in Connecticut.,CT ST DEPT OF PUBLIC HEALTH,9309998
Public Health Emergency Response:  Cooperative Agreement for Emergency Response: Public Health Crisis Response,CDC,SCDHEC's Public Health Crisis Response Grant 2018,SC ST DEPARTMENT OF HEALTH & ENVIRONMENTAL CONTROL,8926133
Public Health Emergency Response:  Cooperative Agreement for Emergency Response: Public Health Crisis Response,CDC,2018/2019 Announcement of availability of funds for the Centers for Disease Control and Prevention Cooperative Agreement for Emergency Response: Public Health Crisis Response,AL ST DEPARTMENT OF PUBLIC HEALTH,8148799
Public Health Emergency Response:  Cooperative Agreement for Emergency Response: Public Health Crisis Response,CDC,Public Health Crisis Response,"OR ST DEPARTMENT OF HUMAN RESOURCES, HEALTH DIVISION",7798826
Public Health Emergency Response:  Cooperative Agreement for Emergency Response: Public Health Crisis Response,CDC,Kentucky's Application for Cooperative Agreement for Emergency Response: Public Health Crisis Response -- 2,KY ST CABINET FOR HEALTH AND FAMILY SERVICES,7464395
Public Health Emergency Response:  Cooperative Agreement for Emergency Response: Public Health Crisis Response,CDC,Public Health Crisis Response Cooperative Agreement,OK ST HEALTH DEPARTMENT,6924231
Public Health Emergency Response:  Cooperative Agreement for Emergency Response: Public Health Crisis Response,CDC,Nebraska Cooperative Agreement for Emergency Response: Public Health Crisis Response,NE ST DEPARTMENT OF HEALTH,6546664
Public Health Emergency Response:  Cooperative Agreement for Emergency Response: Public Health Crisis Response,CDC,Nevada Public Health Crisis Response,NV ST DEPT OF HEALTH AND HUMAN SERVICES,6532739
Public Health Emergency Response:  Cooperative Agreement for Emergency Response: Public Health Crisis Response,CDC,Cooperative Agreement for Emergency Response: Public Health Crisis Response,CITY OF HOUSTON,6465367
Public Health Emergency Response:  Cooperative Agreement for Emergency Response: Public Health Crisis Response,CDC,Cooperative Agreement for Emergency Response: Public Health Crisis Response Renewal,UTAH STATE DEPARTMENT OF HEALTH,6441413
Public Health Emergency Response:  Cooperative Agreement for Emergency Response: Public Health Crisis Response,CDC,Iowa Public Health Crisis Response Renewal 2018,IA ST DEPARTMENT OF PUBLIC HEALTH,6347829
Public Health Emergency Response:  Cooperative Agreement for Emergency Response: Public Health Crisis Response,CDC,To be pre-identified and pre-approved for rapid funding by CDC for major public health emergencies and outbreaks.,HI ST DEPARTMENT OF HEALTH,6317500
Public Health Emergency Response:  Cooperative Agreement for Emergency Response: Public Health Crisis Response,CDC,"Strengthen Incident Management, Jurisdictional Recovery, Biosurveillance, Information Management, Countermeasures-Mitigation, and Surge Management capabilities during a Pandemic Influenza event.",AR DEPT OF HEALTH & HUMAN SERVICES,6205347
Public Health Emergency Response:  Cooperative Agreement for Emergency Response: Public Health Crisis Response,CDC,Emergency Public Health Response,DC Office of Health Care Finance,6148298
Public Health Emergency Response:  Cooperative Agreement for Emergency Response: Public Health Crisis Response,CDC,Rhode Island's Cooperative Agreement for Emergency Response: Public Health Crisis Response,RI ST DEPARTMENT OF HEALTH,6069229
Public Health Emergency Response:  Cooperative Agreement for Emergency Response: Public Health Crisis Response,CDC,See Attachment,NM ST DEPARTMENT OF HEALTH & ENVIRONMENT,5974365
Public Health Emergency Response:  Cooperative Agreement for Emergency Response: Public Health Crisis Response,CDC,State of Kansas Non-Funded Public Health Crisis Response NOFO,KS ST DEPARTMENT OF HEALTH & ENVIRONMENT,5940546
Public Health Emergency Response:  Cooperative Agreement for Emergency Response: Public Health Crisis Response,CDC,State of Mississippi Cooperative Agreement for Emergency Response,MS ST DEPARTMENT OF HEALTH,5874996
Public Health Emergency Response:  Cooperative Agreement for Emergency Response: Public Health Crisis Response,CDC,Hospital Preparedness Program and Public Health Emergency Preparedness,"Health And Human Resources, West Virginia Department Of",5000803
Public Health Emergency Response:  Cooperative Agreement for Emergency Response: Public Health Crisis Response,CDC,Alaska Public Health Crisis Response,AK ST DHSS,4902840
Public Health Emergency Response:  Cooperative Agreement for Emergency Response: Public Health Crisis Response,CDC,New Hampshire's Public Health Crisis Response Plan,NH ST DEPARTMENT OF HEALTH & HUMAN SERVICES,4902840
Public Health Emergency Response:  Cooperative Agreement for Emergency Response: Public Health Crisis Response,CDC,Vermont Public Health Crisis 2018,Vermont Agency of Human Services,4902840
Public Health Emergency Response:  Cooperative Agreement for Emergency Response: Public Health Crisis Response,CDC,Cooperative Agreement for Emergency Response: Public Health Crisis Response,DE ST OFFICE OF THE GOVERNOR,4567500
Public Health Emergency Response:  Cooperative Agreement for Emergency Response: Public Health Crisis Response,CDC,Cooperative Agreement for Emergency Response: Public Health Crisis Response CDC-RFA-TP18-1802,"WY ST DIV OF HLTH & MED SVCS, MNTH HLTH/MNTH RETARD SVC",4567500
Public Health Emergency Response:  Cooperative Agreement for Emergency Response: Public Health Crisis Response,CDC,North Dakota Public Health Crisis Response,ND ST DEPARTMENT OF HEALTH,4567500
Public Health Emergency Response:  Cooperative Agreement for Emergency Response: Public Health Crisis Response,CDC,Public Health Crisis Response Grant Renewal,ID ST DEPT OF HEALTH & WELFARE,4567500
Public Health Emergency Response:  Cooperative Agreement for Emergency Response: Public Health Crisis Response,CDC,Public Health Emergency Preparedness (PHEP) Cooperative Agreement for Emergency Response: Public Health Crisis Response,Maine St. Department of Health and Human Services,4567500
Public Health Emergency Response:  Cooperative Agreement for Emergency Response: Public Health Crisis Response,CDC,Public Health Emergency Preparedness (PHEP) Cooperative Agreement for Emergency Response: Public Health Crisis Response 2081,MT ST DEPARTMENT OF HEALTH & ENVIRONMENTAL SCIENCES,4567500
Public Health Emergency Response:  Cooperative Agreement for Emergency Response: Public Health Crisis Response,CDC,South Dakota Public Health Crisis Response Application,SD ST DEPARTMENT OF HEALTH,4567500
Public Health Emergency Response:  Cooperative Agreement for Emergency Response: Public Health Crisis Response,CDC,"Philadelphia Department of Public Health, Public Health Crisis Response",PHILADELPHIA CITY DEPARTMENT OF PUBLIC HEALTH,4498340
Public Health Emergency Response:  Cooperative Agreement for Emergency Response: Public Health Crisis Response,CDC,Cherokee Nation Public Health Crisis Response,CHEROKEE NATION OF OKLAHOMA,750000
Public Health Emergency Response:  Cooperative Agreement for Emergency Response: Public Health Crisis Response,CDC,Vermont Public Health Crisis 2018,"Human Services, Vermont Agency Of",0
"Special Programs for the Aging, Title III, Part C, Nutrition Services",ACL,HDC2-2020,CA ST DEPARTMENT OF AGING,16724254
"Special Programs for the Aging, Title III, Part C, Nutrition Services",ACL,HDC2-2020,FLORIDA DEPARTMENT OF ELDER AFFAIRS,12107788
"Special Programs for the Aging, Title III, Part C, Nutrition Services",ACL,HDC2-2020,TEXAS HEALTH & HUMAN SERVICES COMMISSION,10803864
"Special Programs for the Aging, Title III, Part C, Nutrition Services",ACL,HDC2-2020,New York State Office for the Aging,9382146
"Special Programs for the Aging, Title III, Part C, Nutrition Services",ACL,CMC2-2020,CA ST DEPARTMENT OF AGING,8362127
"Special Programs for the Aging, Title III, Part C, Nutrition Services",ACL,HDC2-2020,PA PUBLIC HEALTH & HUMAN SERVICES,6797375
"Special Programs for the Aging, Title III, Part C, Nutrition Services",ACL,CMC2-2020,FLORIDA DEPARTMENT OF ELDER AFFAIRS,6053894
"Special Programs for the Aging, Title III, Part C, Nutrition Services",ACL,HDC2-2020,IL ST DEPARTMENT ON AGING,5884160
"Special Programs for the Aging, Title III, Part C, Nutrition Services",ACL,HDC2-2020,OH ST DEPARTMENT OF AGING,5872812
"Special Programs for the Aging, Title III, Part C, Nutrition Services",ACL,CMC2-2020,TEXAS HEALTH & HUMAN SERVICES COMMISSION,5401932
"Special Programs for the Aging, Title III, Part C, Nutrition Services",ACL,HDC2-2020,MI ST OFC OF SERVICES TO THE AGING,5067245
"Special Programs for the Aging, Title III, Part C, Nutrition Services",ACL,HDC2-2020,North Carolina Department of Health and Human Services,4926281
"Special Programs for the Aging, Title III, Part C, Nutrition Services",ACL,CMC2-2020,New York State Office for the Aging,4691073
"Special Programs for the Aging, Title III, Part C, Nutrition Services",ACL,HDC2-2020,GA ST COMMISSION ON AGING,4351615
"Special Programs for the Aging, Title III, Part C, Nutrition Services",ACL,HDC2-2020,NJ ST DEPARTMENT OF HUMAN SERVICES,4240578
"Special Programs for the Aging, Title III, Part C, Nutrition Services",ACL,HDC2-2020,VA DEPARTMENT FOR AGING AND REHABILITATIVE SERVICES,3878207
"Special Programs for the Aging, Title III, Part C, Nutrition Services",ACL,HDC2-2020,AZ ST DEPARTMENT OF ECONOMIC SECURITY & VOCATIONAL REHA,3571113
"Special Programs for the Aging, Title III, Part C, Nutrition Services",ACL,HDC2-2020,WA ST OFFICE OF DEVELOPMENTAL DISABILITIES,3444248
"Special Programs for the Aging, Title III, Part C, Nutrition Services",ACL,CMC2-2020,PA PUBLIC HEALTH & HUMAN SERVICES,3398687
"Special Programs for the Aging, Title III, Part C, Nutrition Services",ACL,HDC2-2020,MA ST DEPARTMENT OF ELDER AFFAIRS,3343807
"Special Programs for the Aging, Title III, Part C, Nutrition Services",ACL,HDC2-2020,TN Commission on Aging and Disability,3245843
"Special Programs for the Aging, Title III, Part C, Nutrition Services",ACL,HDC2-2020,IN ST DEPARTMENT ON AGING & COMMUNITY SERVICES,3115217
"Special Programs for the Aging, Title III, Part C, Nutrition Services",ACL,HDC2-2020,MO ST DEPARTMENT OF HEALTH & SENIOR SERVICES,3022089
"Special Programs for the Aging, Title III, Part C, Nutrition Services",ACL,CMC2-2020,IL ST DEPARTMENT ON AGING,2942080
"Special Programs for the Aging, Title III, Part C, Nutrition Services",ACL,CMC2-2020,OH ST DEPARTMENT OF AGING,2936406
"Special Programs for the Aging, Title III, Part C, Nutrition Services",ACL,HDC2-2020,WI ST DEPARTMENT OF ADMINISTRATION,2910489
"Special Programs for the Aging, Title III, Part C, Nutrition Services",ACL,HDC2-2020,MD ST OFFICE ON AGING,2765552
"Special Programs for the Aging, Title III, Part C, Nutrition Services",ACL,HDC2-2020,MN ST BOARD ON AGING,2634330
"Special Programs for the Aging, Title III, Part C, Nutrition Services",ACL,HDC2-2020,SC Office of the Lieutenant Governor,2600874
"Special Programs for the Aging, Title III, Part C, Nutrition Services",ACL,CMC2-2020,MI ST OFC OF SERVICES TO THE AGING,2533623
"Special Programs for the Aging, Title III, Part C, Nutrition Services",ACL,CMC2-2020,North Carolina Department of Health and Human Services,2463141
"Special Programs for the Aging, Title III, Part C, Nutrition Services",ACL,HDC2-2020,CO ST DEPARTMENT OF SOCIAL SERVICES,2428167
"Special Programs for the Aging, Title III, Part C, Nutrition Services",ACL,HDC2-2020,AL ST COMMISSION ON AGING,2414902
"Special Programs for the Aging, Title III, Part C, Nutrition Services",ACL,CMC2-2020,GA ST COMMISSION ON AGING,2175808
"Special Programs for the Aging, Title III, Part C, Nutrition Services",ACL,HDC2-2020,KY ST CABINET FOR HEALTH AND FAMILY SERVICES,2150964
"Special Programs for the Aging, Title III, Part C, Nutrition Services",ACL,HDC2-2020,DHS Office of Financial Services,2136324
"Special Programs for the Aging, Title III, Part C, Nutrition Services",ACL,HDC2-2020,LA ST OFFICE OF ELDERLY AFFAIRS,2134677
"Special Programs for the Aging, Title III, Part C, Nutrition Services",ACL,CMC2-2020,NJ ST DEPARTMENT OF HUMAN SERVICES,2120289
"Special Programs for the Aging, Title III, Part C, Nutrition Services",ACL,CMC2-2020,VA DEPARTMENT FOR AGING AND REHABILITATIVE SERVICES,1939103
"Special Programs for the Aging, Title III, Part C, Nutrition Services",ACL,HDC2-2020,OK ST DEPARTMENT OF HUMAN SERVICES,1809120
"Special Programs for the Aging, Title III, Part C, Nutrition Services",ACL,HDC2-2020,CONNECTICUT STATE DEPT OF REHABILITATION SERVICES,1808040
"Special Programs for the Aging, Title III, Part C, Nutrition Services",ACL,CMC2-2020,AZ ST DEPARTMENT OF ECONOMIC SECURITY & VOCATIONAL REHA,1785557
"Special Programs for the Aging, Title III, Part C, Nutrition Services",ACL,CMC2-2020,WA ST OFFICE OF DEVELOPMENTAL DISABILITIES,1722124
"Special Programs for the Aging, Title III, Part C, Nutrition Services",ACL,CMC2-2020,MA ST DEPARTMENT OF ELDER AFFAIRS,1671903
"Special Programs for the Aging, Title III, Part C, Nutrition Services",ACL,CMC2-2020,TN Commission on Aging and Disability,1622922
"Special Programs for the Aging, Title III, Part C, Nutrition Services",ACL,HDC2-2020,IA ST DEPARTMENT OF ELDER AFFAIRS,1567661
"Special Programs for the Aging, Title III, Part C, Nutrition Services",ACL,CMC2-2020,IN ST DEPARTMENT ON AGING & COMMUNITY SERVICES,1557609
"Special Programs for the Aging, Title III, Part C, Nutrition Services",ACL,CMC2-2020,MO ST DEPARTMENT OF HEALTH & SENIOR SERVICES,1511044
"Special Programs for the Aging, Title III, Part C, Nutrition Services",ACL,HDC2-2020,AR ST DIVISION OF AGING & ADULT SERVICES,1472081
"Special Programs for the Aging, Title III, Part C, Nutrition Services",ACL,CMC2-2020,WI ST DEPARTMENT OF ADMINISTRATION,1455244
"Special Programs for the Aging, Title III, Part C, Nutrition Services",ACL,HDC2-2020,MS ST COUNCIL ON AGING,1395199
"Special Programs for the Aging, Title III, Part C, Nutrition Services",ACL,HDC2-2020,"NV ST DEPT OF HUMAN RESOURCES, DIV OF AGING SERVICES",1388432
"Special Programs for the Aging, Title III, Part C, Nutrition Services",ACL,CMC2-2020,MD ST OFFICE ON AGING,1382776
"Special Programs for the Aging, Title III, Part C, Nutrition Services",ACL,HDC2-2020,KS ST DEPARTMENT OF AGING,1357891
"Special Programs for the Aging, Title III, Part C, Nutrition Services",ACL,CMC2-2020,MN ST BOARD ON AGING,1317165
"Special Programs for the Aging, Title III, Part C, Nutrition Services",ACL,CMC2-2020,SC Office of the Lieutenant Governor,1300437
"Special Programs for the Aging, Title III, Part C, Nutrition Services",ACL,CMC2-2020,CO ST DEPARTMENT OF SOCIAL SERVICES,1214084
"Special Programs for the Aging, Title III, Part C, Nutrition Services",ACL,CMC2-2020,AL ST COMMISSION ON AGING,1207451
"Special Programs for the Aging, Title III, Part C, Nutrition Services",ACL,CMC2-2020,KY ST CABINET FOR HEALTH AND FAMILY SERVICES,1075482
"Special Programs for the Aging, Title III, Part C, Nutrition Services",ACL,CMC2-2020,DHS Office of Financial Services,1068162
"Special Programs for the Aging, Title III, Part C, Nutrition Services",ACL,CMC2-2020,LA ST OFFICE OF ELDERLY AFFAIRS,1067339
"Special Programs for the Aging, Title III, Part C, Nutrition Services",ACL,HDC2-2020,UT ST DIV OF AGING,1040163
"Special Programs for the Aging, Title III, Part C, Nutrition Services",ACL,HDC2-2020,NM ST AGING AND LONG TERM SERVICES DEPT,1037227
"Special Programs for the Aging, Title III, Part C, Nutrition Services",ACL,HDC2-2020,"WEST VIRGINIA BUREAU OF SENIOR SVCS, PROGRAM UNIT",1034248
"Special Programs for the Aging, Title III, Part C, Nutrition Services",ACL,CMC2-2020,OK ST DEPARTMENT OF HUMAN SERVICES,904560
"Special Programs for the Aging, Title III, Part C, Nutrition Services",ACL,CMC2-2020,CONNECTICUT STATE DEPT OF REHABILITATION SERVICES,904020
"Special Programs for the Aging, Title III, Part C, Nutrition Services",ACL,HDC2-2020,NE ST COMMISSION ON AGING,888074
"Special Programs for the Aging, Title III, Part C, Nutrition Services",ACL,HDC2-2020,Idaho Commission on Aging,810808
"Special Programs for the Aging, Title III, Part C, Nutrition Services",ACL,HDC2-2020,Maine St. Department of Health and Human Services,803015
"Special Programs for the Aging, Title III, Part C, Nutrition Services",ACL,HDC2-2020,"AK ST DEPT OF ADMIN, DIVISION OF ADMINISTRATIVE SVCS",800000
"Special Programs for the Aging, Title III, Part C, Nutrition Services",ACL,HDC2-2020,DC OFFICE ON AGING,800000
"Special Programs for the Aging, Title III, Part C, Nutrition Services",ACL,HDC2-2020,DE ST DEPARTMENT OF HEALTH & SOCIAL SERVICES,800000
"Special Programs for the Aging, Title III, Part C, Nutrition Services",ACL,HDC2-2020,"HI ST OFFICE OF THE GOVERNOR, EXECUTIVE OFFICE ON AGING",800000
"Special Programs for the Aging, Title III, Part C, Nutrition Services",ACL,HDC2-2020,ND ST PUBLIC WELFARE BOARD,800000
"Special Programs for the Aging, Title III, Part C, Nutrition Services",ACL,HDC2-2020,"NH ST DEPT OF HHS, DIVISION OF ELDERLY ADULT SERVICES",800000
"Special Programs for the Aging, Title III, Part C, Nutrition Services",ACL,HDC2-2020,"PUBLIC HEALTH AND HUMAN SERVICES, MONTANA DEPARTMENT OF",800000
"Special Programs for the Aging, Title III, Part C, Nutrition Services",ACL,HDC2-2020,RI ST DEPARTMENT OF ELDERLY AFFAIRS,800000
"Special Programs for the Aging, Title III, Part C, Nutrition Services",ACL,HDC2-2020,SD ST DEPT OF HUMAN SERVICES,800000
"Special Programs for the Aging, Title III, Part C, Nutrition Services",ACL,HDC2-2020,Vermont Agency of Human Services,800000
"Special Programs for the Aging, Title III, Part C, Nutrition Services",ACL,HDC2-2020,WY ST DEPARTMENT OF HEALTH,800000
"Special Programs for the Aging, Title III, Part C, Nutrition Services",ACL,CMC2-2020,IA ST DEPARTMENT OF ELDER AFFAIRS,783831
"Special Programs for the Aging, Title III, Part C, Nutrition Services",ACL,CMC2-2020,AR ST DIVISION OF AGING & ADULT SERVICES,736040
"Special Programs for the Aging, Title III, Part C, Nutrition Services",ACL,CMC2-2020,MS ST COUNCIL ON AGING,697599
"Special Programs for the Aging, Title III, Part C, Nutrition Services",ACL,CMC2-2020,"NV ST DEPT OF HUMAN RESOURCES, DIV OF AGING SERVICES",694216
"Special Programs for the Aging, Title III, Part C, Nutrition Services",ACL,CMC2-2020,KS ST DEPARTMENT OF AGING,678946
"Special Programs for the Aging, Title III, Part C, Nutrition Services",ACL,CMC2-2020,UT ST DIV OF AGING,520081
"Special Programs for the Aging, Title III, Part C, Nutrition Services",ACL,CMC2-2020,NM ST AGING AND LONG TERM SERVICES DEPT,518613
"Special Programs for the Aging, Title III, Part C, Nutrition Services",ACL,CMC2-2020,"WEST VIRGINIA BUREAU OF SENIOR SVCS, PROGRAM UNIT",517124
"Special Programs for the Aging, Title III, Part C, Nutrition Services",ACL,CMC2-2020,NE ST COMMISSION ON AGING,444037
"Special Programs for the Aging, Title III, Part C, Nutrition Services",ACL,CMC2-2020,Idaho Commission on Aging,405404
"Special Programs for the Aging, Title III, Part C, Nutrition Services",ACL,CMC2-2020,Maine St. Department of Health and Human Services,401507
"Special Programs for the Aging, Title III, Part C, Nutrition Services",ACL,CMC2-2020,"AK ST DEPT OF ADMIN, DIVISION OF ADMINISTRATIVE SVCS",400000
"Special Programs for the Aging, Title III, Part C, Nutrition Services",ACL,CMC2-2020,DC OFFICE ON AGING,400000
"Special Programs for the Aging, Title III, Part C, Nutrition Services",ACL,CMC2-2020,DE ST DEPARTMENT OF HEALTH & SOCIAL SERVICES,400000
"Special Programs for the Aging, Title III, Part C, Nutrition Services",ACL,CMC2-2020,"HI ST OFFICE OF THE GOVERNOR, EXECUTIVE OFFICE ON AGING",400000
"Special Programs for the Aging, Title III, Part C, Nutrition Services",ACL,CMC2-2020,ND ST PUBLIC WELFARE BOARD,400000
"Special Programs for the Aging, Title III, Part C, Nutrition Services",ACL,CMC2-2020,"NH ST DEPT OF HHS, DIVISION OF ELDERLY ADULT SERVICES",400000
"Special Programs for the Aging, Title III, Part C, Nutrition Services",ACL,CMC2-2020,"PUBLIC HEALTH AND HUMAN SERVICES, MONTANA DEPARTMENT OF",400000
"Special Programs for the Aging, Title III, Part C, Nutrition Services",ACL,CMC2-2020,RI ST DEPARTMENT OF ELDERLY AFFAIRS,400000
"Special Programs for the Aging, Title III, Part C, Nutrition Services",ACL,CMC2-2020,SD ST DEPT OF HUMAN SERVICES,400000
"Special Programs for the Aging, Title III, Part C, Nutrition Services",ACL,CMC2-2020,Vermont Agency of Human Services,400000
"Special Programs for the Aging, Title III, Part C, Nutrition Services",ACL,CMC2-2020,WY ST DEPARTMENT OF HEALTH,400000
"Special Programs for the Aging, Title VI, Part A, Grants to Indian Tribes, Part B, Grants to Native Hawaiians",ACL,NAC2-2020,CAILFORNIA INDIAN MANPOWER CONSORTIUM,196110
"Special Programs for the Aging, Title VI, Part A, Grants to Indian Tribes, Part B, Grants to Native Hawaiians",ACL,NAC2-2020,TANANA CHIEFS CONFERENCE,134340
"Special Programs for the Aging, Title VI, Part A, Grants to Indian Tribes, Part B, Grants to Native Hawaiians",ACL,NAC2-2020,EIGHT NORTHERN INDIANS PUEBLO COUNCIL,99290
"Special Programs for the Aging, Title VI, Part A, Grants to Indian Tribes, Part B, Grants to Native Hawaiians",ACL,NAC2-2020,RIVERSIDE SAN BERNARDINO COUNTY,83850
"Special Programs for the Aging, Title VI, Part A, Grants to Indian Tribes, Part B, Grants to Native Hawaiians",ACL,NAC2-2020,SOUTH PUGET INTERTRIBAL PLANNING AGENCY,80280
"Special Programs for the Aging, Title VI, Part A, Grants to Indian Tribes, Part B, Grants to Native Hawaiians",ACL,NAC2-2020,"UNITED INDIAN HEALTH SERVICES, INC",80280
"Special Programs for the Aging, Title VI, Part A, Grants to Indian Tribes, Part B, Grants to Native Hawaiians",ACL,NAC2-2020,INTER-TRIBAL COUNCIL OF NEVADA,76500
"Special Programs for the Aging, Title VI, Part A, Grants to Indian Tribes, Part B, Grants to Native Hawaiians",ACL,NAC2-2020,CHEROKEE NATION OF OKLAHOMA,63940
"Special Programs for the Aging, Title VI, Part A, Grants to Indian Tribes, Part B, Grants to Native Hawaiians",ACL,NAC2-2020,ABSENTEE SHAWNEE TRIBE,62270
"Special Programs for the Aging, Title VI, Part A, Grants to Indian Tribes, Part B, Grants to Native Hawaiians",ACL,NAC2-2020,"ALU LIKE, INC.",62270
"Special Programs for the Aging, Title VI, Part A, Grants to Indian Tribes, Part B, Grants to Native Hawaiians",ACL,NAC2-2020,CHICKASAW NATION OF OKLAHOMA,62270
"Special Programs for the Aging, Title VI, Part A, Grants to Indian Tribes, Part B, Grants to Native Hawaiians",ACL,NAC2-2020,CHOCTAW NATION OF OKLAHOMA HEALTH DEPARTMENT,62270
"Special Programs for the Aging, Title VI, Part A, Grants to Indian Tribes, Part B, Grants to Native Hawaiians",ACL,NAC2-2020,CITIZEN BAND OF POTAWATOMI INDIANS OF OKLAHOMA,62270
"Special Programs for the Aging, Title VI, Part A, Grants to Indian Tribes, Part B, Grants to Native Hawaiians",ACL,NAC2-2020,COWLITZ COMMUNITY FOUNDATION,62270
"Special Programs for the Aging, Title VI, Part A, Grants to Indian Tribes, Part B, Grants to Native Hawaiians",ACL,NAC2-2020,DELAWARE TRIBE OF INDIANS,62270
"Special Programs for the Aging, Title VI, Part A, Grants to Indian Tribes, Part B, Grants to Native Hawaiians",ACL,NAC2-2020,EASTERN BAND OF CHEROKEE INDIANS,62270
"Special Programs for the Aging, Title VI, Part A, Grants to Indian Tribes, Part B, Grants to Native Hawaiians",ACL,NAC2-2020,KIOWA TRIBE OF OKLAHOMA,62270
"Special Programs for the Aging, Title VI, Part A, Grants to Indian Tribes, Part B, Grants to Native Hawaiians",ACL,NAC2-2020,LAGUNA RAINBOW CORPORATION,62270
"Special Programs for the Aging, Title VI, Part A, Grants to Indian Tribes, Part B, Grants to Native Hawaiians",ACL,NAC2-2020,MUSCOGEE (CREEK) NATION,62270
"Special Programs for the Aging, Title VI, Part A, Grants to Indian Tribes, Part B, Grants to Native Hawaiians",ACL,NAC2-2020,NAVAJO NATION,62270
"Special Programs for the Aging, Title VI, Part A, Grants to Indian Tribes, Part B, Grants to Native Hawaiians",ACL,NAC2-2020,OGLALA SIOUX TRIBE,62270
"Special Programs for the Aging, Title VI, Part A, Grants to Indian Tribes, Part B, Grants to Native Hawaiians",ACL,NAC2-2020,PUEBLO OF ZUNI (ONAP),62270
"Special Programs for the Aging, Title VI, Part A, Grants to Indian Tribes, Part B, Grants to Native Hawaiians",ACL,NAC2-2020,PUYALLUP INDIAN TRIBE,62270
"Special Programs for the Aging, Title VI, Part A, Grants to Indian Tribes, Part B, Grants to Native Hawaiians",ACL,NAC2-2020,ROSEBUD SIOUX TRIBE,62270
"Special Programs for the Aging, Title VI, Part A, Grants to Indian Tribes, Part B, Grants to Native Hawaiians",ACL,NAC2-2020,SAN CARLOS APACHE TRIBE,62270
"Special Programs for the Aging, Title VI, Part A, Grants to Indian Tribes, Part B, Grants to Native Hawaiians",ACL,NAC2-2020,SAULT STE MARIE TRIBE OF CHIPPEWA INDIANS,62270
"Special Programs for the Aging, Title VI, Part A, Grants to Indian Tribes, Part B, Grants to Native Hawaiians",ACL,NAC2-2020,SOUTH CENTRAL FOUNDATION,62270
"Special Programs for the Aging, Title VI, Part A, Grants to Indian Tribes, Part B, Grants to Native Hawaiians",ACL,NAC2-2020,THE TULALIP TRIBES,62270
"Special Programs for the Aging, Title VI, Part A, Grants to Indian Tribes, Part B, Grants to Native Hawaiians",ACL,NAC2-2020,TLINGIT & HAIDA TRIBES CENTRAL COUNCIL,62270
"Special Programs for the Aging, Title VI, Part A, Grants to Indian Tribes, Part B, Grants to Native Hawaiians",ACL,NAC2-2020,TOHONO OODHAM NATION,62270
"Special Programs for the Aging, Title VI, Part A, Grants to Indian Tribes, Part B, Grants to Native Hawaiians",ACL,NAC2-2020,UNITED KEETOOWAH BAND OF CHEROKEE,62270
"Special Programs for the Aging, Title VI, Part A, Grants to Indian Tribes, Part B, Grants to Native Hawaiians",ACL,NAC2-2020,WHITE MOUNTAIN APACHE TRIBE,62270
"Special Programs for the Aging, Title VI, Part A, Grants to Indian Tribes, Part B, Grants to Native Hawaiians",ACL,NAC2-2020,KODIAK AREA NATIVE ASSOCIATION,51000
"Special Programs for the Aging, Title VI, Part A, Grants to Indian Tribes, Part B, Grants to Native Hawaiians",ACL,NAC2-2020,SONOMA COUNTY INDIAN HEALTH,51000
"Special Programs for the Aging, Title VI, Part A, Grants to Indian Tribes, Part B, Grants to Native Hawaiians",ACL,NAC2-2020,"SOUTHERN INDIAN HEALTH COUNCIL, INC",51000
"Special Programs for the Aging, Title VI, Part A, Grants to Indian Tribes, Part B, Grants to Native Hawaiians",ACL,NAC2-2020,TOIYABE INDIAN HEALTH PROJECT,51000
"Special Programs for the Aging, Title VI, Part A, Grants to Indian Tribes, Part B, Grants to Native Hawaiians",ACL,NAC2-2020,ASSINIBOINE & SIOUX TRIBES OF FT PECK RESERVATION,47430
"Special Programs for the Aging, Title VI, Part A, Grants to Indian Tribes, Part B, Grants to Native Hawaiians",ACL,NAC2-2020,ASSOCIATION OF VILLAGE COUNCIL PRESIDENTS (ONAP),47430
"Special Programs for the Aging, Title VI, Part A, Grants to Indian Tribes, Part B, Grants to Native Hawaiians",ACL,NAC2-2020,BLACKFEET TRIBE EAGLE SHIELD CENTER,47430
"Special Programs for the Aging, Title VI, Part A, Grants to Indian Tribes, Part B, Grants to Native Hawaiians",ACL,NAC2-2020,BRISTOL BAY NATIVE ASSOCIATION,47430
"Special Programs for the Aging, Title VI, Part A, Grants to Indian Tribes, Part B, Grants to Native Hawaiians",ACL,NAC2-2020,CHEHALIS INDIAN COMMUNITY,47430
"Special Programs for the Aging, Title VI, Part A, Grants to Indian Tribes, Part B, Grants to Native Hawaiians",ACL,NAC2-2020,CHEYENNE & ARAPAHO TRIBES OF OKLAHOMA,47430
"Special Programs for the Aging, Title VI, Part A, Grants to Indian Tribes, Part B, Grants to Native Hawaiians",ACL,NAC2-2020,CHEYENNE RIVER SIOUX TRIBE,47430
"Special Programs for the Aging, Title VI, Part A, Grants to Indian Tribes, Part B, Grants to Native Hawaiians",ACL,NAC2-2020,COLORADO RIVER INDIAN TRIBE,47430
"Special Programs for the Aging, Title VI, Part A, Grants to Indian Tribes, Part B, Grants to Native Hawaiians",ACL,NAC2-2020,COLVILLE CONFEDERATED TRIBES,47430
"Special Programs for the Aging, Title VI, Part A, Grants to Indian Tribes, Part B, Grants to Native Hawaiians",ACL,NAC2-2020,COMANCHE INDIAN TRIBE OF OKLAHOMA,47430
"Special Programs for the Aging, Title VI, Part A, Grants to Indian Tribes, Part B, Grants to Native Hawaiians",ACL,NAC2-2020,CONFEDERATED SALISH & KOOTENAI TRIBES,47430
"Special Programs for the Aging, Title VI, Part A, Grants to Indian Tribes, Part B, Grants to Native Hawaiians",ACL,NAC2-2020,CONFEDERATED TRIBES OF THE WARM SPRINGS RES OF OREGON,47430
"Special Programs for the Aging, Title VI, Part A, Grants to Indian Tribes, Part B, Grants to Native Hawaiians",ACL,NAC2-2020,CROW TRIBAL COUNCIL,47430
"Special Programs for the Aging, Title VI, Part A, Grants to Indian Tribes, Part B, Grants to Native Hawaiians",ACL,NAC2-2020,"FAIRBANKS NATIVE ASSOCIATION, INC",47430
"Special Programs for the Aging, Title VI, Part A, Grants to Indian Tribes, Part B, Grants to Native Hawaiians",ACL,NAC2-2020,FOND DU LAC RESERVATION BUSINESS COMMITTEE,47430
"Special Programs for the Aging, Title VI, Part A, Grants to Indian Tribes, Part B, Grants to Native Hawaiians",ACL,NAC2-2020,GILA RIVER INDIAN COMMUNITY,47430
"Special Programs for the Aging, Title VI, Part A, Grants to Indian Tribes, Part B, Grants to Native Hawaiians",ACL,NAC2-2020,HOPI INDIAN TRIBAL COUNCIL,47430
"Special Programs for the Aging, Title VI, Part A, Grants to Indian Tribes, Part B, Grants to Native Hawaiians",ACL,NAC2-2020,IOWA TRIBE OF OKLAHOMA,47430
"Special Programs for the Aging, Title VI, Part A, Grants to Indian Tribes, Part B, Grants to Native Hawaiians",ACL,NAC2-2020,KENAITZE INDIAN TRIBE,47430
"Special Programs for the Aging, Title VI, Part A, Grants to Indian Tribes, Part B, Grants to Native Hawaiians",ACL,NAC2-2020,KETCHIKAN INDIAN CORPORATION,47430
"Special Programs for the Aging, Title VI, Part A, Grants to Indian Tribes, Part B, Grants to Native Hawaiians",ACL,NAC2-2020,KLAMATH TRIBE (ONAP),47430
"Special Programs for the Aging, Title VI, Part A, Grants to Indian Tribes, Part B, Grants to Native Hawaiians",ACL,NAC2-2020,KNIK TRIBAL COUNCIL,47430
"Special Programs for the Aging, Title VI, Part A, Grants to Indian Tribes, Part B, Grants to Native Hawaiians",ACL,NAC2-2020,LEECH LAKE RESERVATION TRIBAL COUNCIL,47430
"Special Programs for the Aging, Title VI, Part A, Grants to Indian Tribes, Part B, Grants to Native Hawaiians",ACL,NAC2-2020,MANIILAQ ASSOCIATION,47430
"Special Programs for the Aging, Title VI, Part A, Grants to Indian Tribes, Part B, Grants to Native Hawaiians",ACL,NAC2-2020,MENOMINEE INDIAN TRIBE,47430
"Special Programs for the Aging, Title VI, Part A, Grants to Indian Tribes, Part B, Grants to Native Hawaiians",ACL,NAC2-2020,MIAMI TRIBE OF OKLAHOMA,47430
"Special Programs for the Aging, Title VI, Part A, Grants to Indian Tribes, Part B, Grants to Native Hawaiians",ACL,NAC2-2020,MISSISSIPPI BAND OF CHOCTAW INDIANS,47430
"Special Programs for the Aging, Title VI, Part A, Grants to Indian Tribes, Part B, Grants to Native Hawaiians",ACL,NAC2-2020,MUCKLESHOOT INDIAN TRIBE,47430
"Special Programs for the Aging, Title VI, Part A, Grants to Indian Tribes, Part B, Grants to Native Hawaiians",ACL,NAC2-2020,NEZ PERCE TRIBE OF IDAHO,47430
"Special Programs for the Aging, Title VI, Part A, Grants to Indian Tribes, Part B, Grants to Native Hawaiians",ACL,NAC2-2020,NORTHERN ARAPAHO BUSINESS COUNCIL,47430
"Special Programs for the Aging, Title VI, Part A, Grants to Indian Tribes, Part B, Grants to Native Hawaiians",ACL,NAC2-2020,OHKAY OWINGEH,47430
"Special Programs for the Aging, Title VI, Part A, Grants to Indian Tribes, Part B, Grants to Native Hawaiians",ACL,NAC2-2020,ONEIDA NATION OF WISCONSIN,47430
"Special Programs for the Aging, Title VI, Part A, Grants to Indian Tribes, Part B, Grants to Native Hawaiians",ACL,NAC2-2020,OSAGE NATION,47430
"Special Programs for the Aging, Title VI, Part A, Grants to Indian Tribes, Part B, Grants to Native Hawaiians",ACL,NAC2-2020,OTTAWA TRIBE OF OKLAHOMA,47430
"Special Programs for the Aging, Title VI, Part A, Grants to Indian Tribes, Part B, Grants to Native Hawaiians",ACL,NAC2-2020,PASCUA YAQUI TRIBE OF ARIZONA,47430
"Special Programs for the Aging, Title VI, Part A, Grants to Indian Tribes, Part B, Grants to Native Hawaiians",ACL,NAC2-2020,POARCH CREEK INDIANS,47430
"Special Programs for the Aging, Title VI, Part A, Grants to Indian Tribes, Part B, Grants to Native Hawaiians",ACL,NAC2-2020,PUEBLO OF ISLETA,47430
"Special Programs for the Aging, Title VI, Part A, Grants to Indian Tribes, Part B, Grants to Native Hawaiians",ACL,NAC2-2020,PUEBLO OF JEMEZ,47430
"Special Programs for the Aging, Title VI, Part A, Grants to Indian Tribes, Part B, Grants to Native Hawaiians",ACL,NAC2-2020,PUEBLO OF SAN FELIPE,47430
"Special Programs for the Aging, Title VI, Part A, Grants to Indian Tribes, Part B, Grants to Native Hawaiians",ACL,NAC2-2020,QUAPAW TRIBE OF OKLAHOMA,47430
"Special Programs for the Aging, Title VI, Part A, Grants to Indian Tribes, Part B, Grants to Native Hawaiians",ACL,NAC2-2020,RED LAKE BAND OF CHIPPEWA INDIANS,47430
"Special Programs for the Aging, Title VI, Part A, Grants to Indian Tribes, Part B, Grants to Native Hawaiians",ACL,NAC2-2020,REDDING RANCHERIA INDIAN HEALTH SERVICES,47430
"Special Programs for the Aging, Title VI, Part A, Grants to Indian Tribes, Part B, Grants to Native Hawaiians",ACL,NAC2-2020,SAC & FOX TRIBE OF INDIANS OF OKLAHOMA,47430
"Special Programs for the Aging, Title VI, Part A, Grants to Indian Tribes, Part B, Grants to Native Hawaiians",ACL,NAC2-2020,SANTA CLARA PUEBLO SENIOR CITIZEN'S PROGRAM,47430
"Special Programs for the Aging, Title VI, Part A, Grants to Indian Tribes, Part B, Grants to Native Hawaiians",ACL,NAC2-2020,SANTO DOMINGO PUEBLO TRIBE,47430
"Special Programs for the Aging, Title VI, Part A, Grants to Indian Tribes, Part B, Grants to Native Hawaiians",ACL,NAC2-2020,SEMINOLE NATION OF OKLAHOMA,47430
"Special Programs for the Aging, Title VI, Part A, Grants to Indian Tribes, Part B, Grants to Native Hawaiians",ACL,NAC2-2020,SENECA NATION OF INDIANS,47430
"Special Programs for the Aging, Title VI, Part A, Grants to Indian Tribes, Part B, Grants to Native Hawaiians",ACL,NAC2-2020,SISSETON-WAHPETON OYATE OF LAKE TRAVERSE RESERVATION,47430
"Special Programs for the Aging, Title VI, Part A, Grants to Indian Tribes, Part B, Grants to Native Hawaiians",ACL,NAC2-2020,ST REGIS MOHAWK TRIBAL COMMUNITY,47430
"Special Programs for the Aging, Title VI, Part A, Grants to Indian Tribes, Part B, Grants to Native Hawaiians",ACL,NAC2-2020,STANDING ROCK SIOUX TRIBE (ONAP),47430
"Special Programs for the Aging, Title VI, Part A, Grants to Indian Tribes, Part B, Grants to Native Hawaiians",ACL,NAC2-2020,THREE AFFILATED TRIBES COMMUNITY ACTION AGENCY,47430
"Special Programs for the Aging, Title VI, Part A, Grants to Indian Tribes, Part B, Grants to Native Hawaiians",ACL,NAC2-2020,TURTLE MOUNTAIN BAND OF CHIPPEWA INDIANS,47430
"Special Programs for the Aging, Title VI, Part A, Grants to Indian Tribes, Part B, Grants to Native Hawaiians",ACL,NAC2-2020,WHITE EARTH RESERVATION BUSINESS COMMITTEE (ANA),47430
"Special Programs for the Aging, Title VI, Part A, Grants to Indian Tribes, Part B, Grants to Native Hawaiians",ACL,NAC2-2020,WICHITA & AFFILIATED TRIBES,47430
"Special Programs for the Aging, Title VI, Part A, Grants to Indian Tribes, Part B, Grants to Native Hawaiians",ACL,NAC2-2020,WYANDOTTE TRIBE OF OKLAHOMA,47430
"Special Programs for the Aging, Title VI, Part A, Grants to Indian Tribes, Part B, Grants to Native Hawaiians",ACL,NAC2-2020,YAKAMA INDIAN NATION,47430
"Special Programs for the Aging, Title VI, Part A, Grants to Indian Tribes, Part B, Grants to Native Hawaiians",ACL,NAC2-2020,CONFEDERATED TRIBES OF SILETZ,40940
"Special Programs for the Aging, Title VI, Part A, Grants to Indian Tribes, Part B, Grants to Native Hawaiians",ACL,NAC2-2020,EAST SHAWNEE TRIBE OF OKLAHOMA,40940
"Special Programs for the Aging, Title VI, Part A, Grants to Indian Tribes, Part B, Grants to Native Hawaiians",ACL,NAC2-2020,HO-CHUNK NATION,40940
"Special Programs for the Aging, Title VI, Part A, Grants to Indian Tribes, Part B, Grants to Native Hawaiians",ACL,NAC2-2020,JICARILLA APACHE TRIBE,40940
"Special Programs for the Aging, Title VI, Part A, Grants to Indian Tribes, Part B, Grants to Native Hawaiians",ACL,NAC2-2020,LITTLE TRAVERSE BAY BANDS OF ODAWA INDIANS,40940
"Special Programs for the Aging, Title VI, Part A, Grants to Indian Tribes, Part B, Grants to Native Hawaiians",ACL,NAC2-2020,NATIVE VILLAGE OF BARROW,40940
"Special Programs for the Aging, Title VI, Part A, Grants to Indian Tribes, Part B, Grants to Native Hawaiians",ACL,NAC2-2020,NORTHERN CHEYENNE TRIBE,40940
"Special Programs for the Aging, Title VI, Part A, Grants to Indian Tribes, Part B, Grants to Native Hawaiians",ACL,NAC2-2020,PEORIA INDIAN TRIBE OF OKLAHOMA,40940
"Special Programs for the Aging, Title VI, Part A, Grants to Indian Tribes, Part B, Grants to Native Hawaiians",ACL,NAC2-2020,SALT RIVER PIMA-MARICOPA INDIAN COMMUNITY,40940
"Special Programs for the Aging, Title VI, Part A, Grants to Indian Tribes, Part B, Grants to Native Hawaiians",ACL,NAC2-2020,SHOSHONE-BANNOCK TRIBAL BUSINESS COUNCIL,40940
"Special Programs for the Aging, Title VI, Part A, Grants to Indian Tribes, Part B, Grants to Native Hawaiians",ACL,NAC2-2020,YANKTON SIOUX TRIBE,40940
"Special Programs for the Aging, Title VI, Part A, Grants to Indian Tribes, Part B, Grants to Native Hawaiians",ACL,NAC2-2020,YELLOWHAWK TRIBAL HEALTH CENTER,40940
"Special Programs for the Aging, Title VI, Part A, Grants to Indian Tribes, Part B, Grants to Native Hawaiians",ACL,NAC2-2020,ALEUTIAN PRIBILOF ISLANDS ASSOCIATION,37020
"Special Programs for the Aging, Title VI, Part A, Grants to Indian Tribes, Part B, Grants to Native Hawaiians",ACL,NAC2-2020,Catawba Indian Nation Elderly Nutritio,37020
"Special Programs for the Aging, Title VI, Part A, Grants to Indian Tribes, Part B, Grants to Native Hawaiians",ACL,NAC2-2020,CHICKALOON NATIVE VILLAGE,37020
"Special Programs for the Aging, Title VI, Part A, Grants to Indian Tribes, Part B, Grants to Native Hawaiians",ACL,NAC2-2020,CHIPPEWA CREE TRIBE,37020
"Special Programs for the Aging, Title VI, Part A, Grants to Indian Tribes, Part B, Grants to Native Hawaiians",ACL,NAC2-2020,CONFEDERATED TRIBES OF THE GRAND COMMUNITY,37020
"Special Programs for the Aging, Title VI, Part A, Grants to Indian Tribes, Part B, Grants to Native Hawaiians",ACL,NAC2-2020,DUCK VALLEY SHOSHONE TRIBE,37020
"Special Programs for the Aging, Title VI, Part A, Grants to Indian Tribes, Part B, Grants to Native Hawaiians",ACL,NAC2-2020,"FIVE SANDOVAL INDIAN PUEBLOS, INC",37020
"Special Programs for the Aging, Title VI, Part A, Grants to Indian Tribes, Part B, Grants to Native Hawaiians",ACL,NAC2-2020,FT BELKNAP COMMUNITY COUNCIL,37020
"Special Programs for the Aging, Title VI, Part A, Grants to Indian Tribes, Part B, Grants to Native Hawaiians",ACL,NAC2-2020,FT SILL APACHE TRIBE OF OKLAHOMA,37020
"Special Programs for the Aging, Title VI, Part A, Grants to Indian Tribes, Part B, Grants to Native Hawaiians",ACL,NAC2-2020,"INSTITUTE FOR INDIAN DEVELOPMENT, INC",37020
"Special Programs for the Aging, Title VI, Part A, Grants to Indian Tribes, Part B, Grants to Native Hawaiians",ACL,NAC2-2020,LAC COURTE OREILLES TRIBE,37020
"Special Programs for the Aging, Title VI, Part A, Grants to Indian Tribes, Part B, Grants to Native Hawaiians",ACL,NAC2-2020,LITTLE RIVER BAND OF OTTAWA INDIANS,37020
"Special Programs for the Aging, Title VI, Part A, Grants to Indian Tribes, Part B, Grants to Native Hawaiians",ACL,NAC2-2020,LUMMI INDIAN BUSINESS COUNCIL,37020
"Special Programs for the Aging, Title VI, Part A, Grants to Indian Tribes, Part B, Grants to Native Hawaiians",ACL,NAC2-2020,MASHPEE WAMPANOAG TRIBE,37020
"Special Programs for the Aging, Title VI, Part A, Grants to Indian Tribes, Part B, Grants to Native Hawaiians",ACL,NAC2-2020,MESCALERO APACHE TRIBE,37020
"Special Programs for the Aging, Title VI, Part A, Grants to Indian Tribes, Part B, Grants to Native Hawaiians",ACL,NAC2-2020,"NARRAGANSETT TRIBE OF INDIANS, INC",37020
"Special Programs for the Aging, Title VI, Part A, Grants to Indian Tribes, Part B, Grants to Native Hawaiians",ACL,NAC2-2020,ORUTSARAMUIT NATIVE COUNCIL,37020
"Special Programs for the Aging, Title VI, Part A, Grants to Indian Tribes, Part B, Grants to Native Hawaiians",ACL,NAC2-2020,PAWNEE TRIBE OF OKLAHOMA,37020
"Special Programs for the Aging, Title VI, Part A, Grants to Indian Tribes, Part B, Grants to Native Hawaiians",ACL,NAC2-2020,"PIT RIVER HEALTH SERVICE, INC",37020
"Special Programs for the Aging, Title VI, Part A, Grants to Indian Tribes, Part B, Grants to Native Hawaiians",ACL,NAC2-2020,PONCA TRIBE OF OKLAHOMA,37020
"Special Programs for the Aging, Title VI, Part A, Grants to Indian Tribes, Part B, Grants to Native Hawaiians",ACL,NAC2-2020,PUEBLO DE ACOMA TRIBAL COUNCIL,37020
"Special Programs for the Aging, Title VI, Part A, Grants to Indian Tribes, Part B, Grants to Native Hawaiians",ACL,NAC2-2020,SAMISH INDIAN TRIBE,37020
"Special Programs for the Aging, Title VI, Part A, Grants to Indian Tribes, Part B, Grants to Native Hawaiians",ACL,NAC2-2020,SHOSHONE TRIBE,37020
"Special Programs for the Aging, Title VI, Part A, Grants to Indian Tribes, Part B, Grants to Native Hawaiians",ACL,NAC2-2020,SITKA COMMUNITY ASSOCIATION,37020
"Special Programs for the Aging, Title VI, Part A, Grants to Indian Tribes, Part B, Grants to Native Hawaiians",ACL,NAC2-2020,SQUAXIN ISLAND TRIBE,37020
"Special Programs for the Aging, Title VI, Part A, Grants to Indian Tribes, Part B, Grants to Native Hawaiians",ACL,NAC2-2020,UINTAH & OURAY TRIBAL BUSINESS COMMITTEE,37020
"Special Programs for the Aging, Title VI, Part A, Grants to Indian Tribes, Part B, Grants to Native Hawaiians",ACL,NAC2-2020,"CONFEDERATED TRIBES OF COOS, LOWER UMPQUA & SIUSLAW",32850
"Special Programs for the Aging, Title VI, Part A, Grants to Indian Tribes, Part B, Grants to Native Hawaiians",ACL,NAC2-2020,"DENAKKANAAGA, INC",32850
"Special Programs for the Aging, Title VI, Part A, Grants to Indian Tribes, Part B, Grants to Native Hawaiians",ACL,NAC2-2020,GRAND TRAVERSE BAND OF OTTAWA-CHIPPEWA INDIANS,32850
"Special Programs for the Aging, Title VI, Part A, Grants to Indian Tribes, Part B, Grants to Native Hawaiians",ACL,NAC2-2020,K`ima: Medical Center,32850
"Special Programs for the Aging, Title VI, Part A, Grants to Indian Tribes, Part B, Grants to Native Hawaiians",ACL,NAC2-2020,KARUK TRIBE OF CALIFORNIA,32850
"Special Programs for the Aging, Title VI, Part A, Grants to Indian Tribes, Part B, Grants to Native Hawaiians",ACL,NAC2-2020,KEWEENAW BAY INDIAN COMMUNITY,32850
"Special Programs for the Aging, Title VI, Part A, Grants to Indian Tribes, Part B, Grants to Native Hawaiians",ACL,NAC2-2020,KOKAGON BAND OF POTAWATOMI,32850
"Special Programs for the Aging, Title VI, Part A, Grants to Indian Tribes, Part B, Grants to Native Hawaiians",ACL,NAC2-2020,LAC DU FLAMBEAU BAND OF LAKE SUPERIOR CHIPPEWA INDIANS,32850
"Special Programs for the Aging, Title VI, Part A, Grants to Indian Tribes, Part B, Grants to Native Hawaiians",ACL,NAC2-2020,METLAKATLA INDIAN COMMUNITY,32850
"Special Programs for the Aging, Title VI, Part A, Grants to Indian Tribes, Part B, Grants to Native Hawaiians",ACL,NAC2-2020,PASSAMAQUODDY TRIBE (PLEASANT POINT RESERVATION),32850
"Special Programs for the Aging, Title VI, Part A, Grants to Indian Tribes, Part B, Grants to Native Hawaiians",ACL,NAC2-2020,PRAIRIE BAND POTAWATOMI INDIANS,32850
"Special Programs for the Aging, Title VI, Part A, Grants to Indian Tribes, Part B, Grants to Native Hawaiians",ACL,NAC2-2020,"QUECHAN INDIAN TRIBE, FT YUMA INDIAN RESERVATION",32850
"Special Programs for the Aging, Title VI, Part A, Grants to Indian Tribes, Part B, Grants to Native Hawaiians",ACL,NAC2-2020,QUINAULT INDIAN NATION,32850
"Special Programs for the Aging, Title VI, Part A, Grants to Indian Tribes, Part B, Grants to Native Hawaiians",ACL,NAC2-2020,SKOKOMISH INDIAN TRIBE,32850
"Special Programs for the Aging, Title VI, Part A, Grants to Indian Tribes, Part B, Grants to Native Hawaiians",ACL,NAC2-2020,SOUTHERN UTE INDIAN TRIBE,32850
"Special Programs for the Aging, Title VI, Part A, Grants to Indian Tribes, Part B, Grants to Native Hawaiians",ACL,NAC2-2020,SPIRIT LAKE TRIBE,32850
"Special Programs for the Aging, Title VI, Part A, Grants to Indian Tribes, Part B, Grants to Native Hawaiians",ACL,NAC2-2020,SUQUAMISH INDIAN TRIBE,32850
"Special Programs for the Aging, Title VI, Part A, Grants to Indian Tribes, Part B, Grants to Native Hawaiians",ACL,NAC2-2020,TAOS PUEBLO,32850
"Special Programs for the Aging, Title VI, Part A, Grants to Indian Tribes, Part B, Grants to Native Hawaiians",ACL,NAC2-2020,TRENTON INDIAN SERVICE AREA,32850
"Special Programs for the Aging, Title VI, Part A, Grants to Indian Tribes, Part B, Grants to Native Hawaiians",ACL,NAC2-2020,ALABAMA-COUSHATTA RESERVATION TRIBAL COUNCIL,28920
"Special Programs for the Aging, Title VI, Part A, Grants to Indian Tribes, Part B, Grants to Native Hawaiians",ACL,NAC2-2020,APACHE TRIBE OF OKLAHOMA,28920
"Special Programs for the Aging, Title VI, Part A, Grants to Indian Tribes, Part B, Grants to Native Hawaiians",ACL,NAC2-2020,ARCTIC SLOPE NATIVE ASSOCIATION LIMITED,28920
"Special Programs for the Aging, Title VI, Part A, Grants to Indian Tribes, Part B, Grants to Native Hawaiians",ACL,NAC2-2020,AROOSTOCK BAND OF MICMAC INDIANS,28920
"Special Programs for the Aging, Title VI, Part A, Grants to Indian Tribes, Part B, Grants to Native Hawaiians",ACL,NAC2-2020,BAD RIVER TRIBAL COUNCIL,28920
"Special Programs for the Aging, Title VI, Part A, Grants to Indian Tribes, Part B, Grants to Native Hawaiians",ACL,NAC2-2020,BAY MILLS INDIAN COMMUNITY,28920
"Special Programs for the Aging, Title VI, Part A, Grants to Indian Tribes, Part B, Grants to Native Hawaiians",ACL,NAC2-2020,BISHOP INDIAN TRIBAL COUNCIL,28920
"Special Programs for the Aging, Title VI, Part A, Grants to Indian Tribes, Part B, Grants to Native Hawaiians",ACL,NAC2-2020,BOIS FORTE RESERVATION TRIBAL COUNCIL,28920
"Special Programs for the Aging, Title VI, Part A, Grants to Indian Tribes, Part B, Grants to Native Hawaiians",ACL,NAC2-2020,CHILKOOT INDIAN ASSOCIATION,28920
"Special Programs for the Aging, Title VI, Part A, Grants to Indian Tribes, Part B, Grants to Native Hawaiians",ACL,NAC2-2020,CHUGACHMIUT,28920
"Special Programs for the Aging, Title VI, Part A, Grants to Indian Tribes, Part B, Grants to Native Hawaiians",ACL,NAC2-2020,COEUR DALENE TRIBE,28920
"Special Programs for the Aging, Title VI, Part A, Grants to Indian Tribes, Part B, Grants to Native Hawaiians",ACL,NAC2-2020,"COPPER RIVER NATIVE ASSOCIATION, INC",28920
"Special Programs for the Aging, Title VI, Part A, Grants to Indian Tribes, Part B, Grants to Native Hawaiians",ACL,NAC2-2020,COW CREEK BAND OF UMPQUA TRIBE OF INDIANS,28920
"Special Programs for the Aging, Title VI, Part A, Grants to Indian Tribes, Part B, Grants to Native Hawaiians",ACL,NAC2-2020,CROW CREEK SIOUX TRIBE,28920
"Special Programs for the Aging, Title VI, Part A, Grants to Indian Tribes, Part B, Grants to Native Hawaiians",ACL,NAC2-2020,ELKO BAND COUNCIL,28920
"Special Programs for the Aging, Title VI, Part A, Grants to Indian Tribes, Part B, Grants to Native Hawaiians",ACL,NAC2-2020,FALLON PAIUTE & SHOSHONE TRIBE,28920
"Special Programs for the Aging, Title VI, Part A, Grants to Indian Tribes, Part B, Grants to Native Hawaiians",ACL,NAC2-2020,FORT MOJAVE INDIAN TRIBE,28920
"Special Programs for the Aging, Title VI, Part A, Grants to Indian Tribes, Part B, Grants to Native Hawaiians",ACL,NAC2-2020,GAMBELL VILLAGE COUNCIL,28920
"Special Programs for the Aging, Title VI, Part A, Grants to Indian Tribes, Part B, Grants to Native Hawaiians",ACL,NAC2-2020,HAVASUPAI TRIBAL COUNCIL,28920
"Special Programs for the Aging, Title VI, Part A, Grants to Indian Tribes, Part B, Grants to Native Hawaiians",ACL,NAC2-2020,HOONAH INDIAN ASSOCIATION,28920
"Special Programs for the Aging, Title VI, Part A, Grants to Indian Tribes, Part B, Grants to Native Hawaiians",ACL,NAC2-2020,HUALAPAI TRIBAL COUNCIL,28920
"Special Programs for the Aging, Title VI, Part A, Grants to Indian Tribes, Part B, Grants to Native Hawaiians",ACL,NAC2-2020,"INDIAN SENIOR CENTER, INC",28920
"Special Programs for the Aging, Title VI, Part A, Grants to Indian Tribes, Part B, Grants to Native Hawaiians",ACL,NAC2-2020,"INTER-TRIBAL COUNCIL OF ARIZONA, INC",28920
"Special Programs for the Aging, Title VI, Part A, Grants to Indian Tribes, Part B, Grants to Native Hawaiians",ACL,NAC2-2020,"INTER-TRIBAL COUNCIL OF MICHIGAN, INC",28920
"Special Programs for the Aging, Title VI, Part A, Grants to Indian Tribes, Part B, Grants to Native Hawaiians",ACL,NAC2-2020,JAMESTOWN KLALLAM TRIBE,28920
"Special Programs for the Aging, Title VI, Part A, Grants to Indian Tribes, Part B, Grants to Native Hawaiians",ACL,NAC2-2020,KICKAPOO TRIBE OF KANSAS,28920
"Special Programs for the Aging, Title VI, Part A, Grants to Indian Tribes, Part B, Grants to Native Hawaiians",ACL,NAC2-2020,LOUDEN VILLAGE COUNCIL,28920
"Special Programs for the Aging, Title VI, Part A, Grants to Indian Tribes, Part B, Grants to Native Hawaiians",ACL,NAC2-2020,LOWER BRULE SIOUX TRIBE,28920
"Special Programs for the Aging, Title VI, Part A, Grants to Indian Tribes, Part B, Grants to Native Hawaiians",ACL,NAC2-2020,MAKAH TRIBAL COUNCIL,28920
"Special Programs for the Aging, Title VI, Part A, Grants to Indian Tribes, Part B, Grants to Native Hawaiians",ACL,NAC2-2020,MILLE LACS BAND OF OJIBWE,28920
"Special Programs for the Aging, Title VI, Part A, Grants to Indian Tribes, Part B, Grants to Native Hawaiians",ACL,NAC2-2020,MOHEGAN TRIBE (THE),28920
"Special Programs for the Aging, Title VI, Part A, Grants to Indian Tribes, Part B, Grants to Native Hawaiians",ACL,NAC2-2020,NATIVE VILLAGE OF SAVOONGA,28920
"Special Programs for the Aging, Title VI, Part A, Grants to Indian Tribes, Part B, Grants to Native Hawaiians",ACL,NAC2-2020,NATIVE VILLAGE OF UNALAKLEET,28920
"Special Programs for the Aging, Title VI, Part A, Grants to Indian Tribes, Part B, Grants to Native Hawaiians",ACL,NAC2-2020,NOOKSACK INDIAN TRIBE,28920
"Special Programs for the Aging, Title VI, Part A, Grants to Indian Tribes, Part B, Grants to Native Hawaiians",ACL,NAC2-2020,OMAHA TRIBE OF NEBRASKA,28920
"Special Programs for the Aging, Title VI, Part A, Grants to Indian Tribes, Part B, Grants to Native Hawaiians",ACL,NAC2-2020,ONEIDA INDIAN NATION OF NEW YORK,28920
"Special Programs for the Aging, Title VI, Part A, Grants to Indian Tribes, Part B, Grants to Native Hawaiians",ACL,NAC2-2020,OTOE-MISSOURI TRIBE OF OKLAHOMA,28920
"Special Programs for the Aging, Title VI, Part A, Grants to Indian Tribes, Part B, Grants to Native Hawaiians",ACL,NAC2-2020,PALA BAND OF MISSION INDIANS,28920
"Special Programs for the Aging, Title VI, Part A, Grants to Indian Tribes, Part B, Grants to Native Hawaiians",ACL,NAC2-2020,PENOBSCOT INDIAN NATION,28920
"Special Programs for the Aging, Title VI, Part A, Grants to Indian Tribes, Part B, Grants to Native Hawaiians",ACL,NAC2-2020,PUEBLO DE COCHITI,28920
"Special Programs for the Aging, Title VI, Part A, Grants to Indian Tribes, Part B, Grants to Native Hawaiians",ACL,NAC2-2020,PYRAMID LAKE PAIUTE TRIBE,28920
"Special Programs for the Aging, Title VI, Part A, Grants to Indian Tribes, Part B, Grants to Native Hawaiians",ACL,NAC2-2020,RED CLIFF TRIBE,28920
"Special Programs for the Aging, Title VI, Part A, Grants to Indian Tribes, Part B, Grants to Native Hawaiians",ACL,NAC2-2020,RENO-SPARKS INDIAN COLONY,28920
"Special Programs for the Aging, Title VI, Part A, Grants to Indian Tribes, Part B, Grants to Native Hawaiians",ACL,NAC2-2020,ROUND VALLEY INDIAN TRIBES,28920
"Special Programs for the Aging, Title VI, Part A, Grants to Indian Tribes, Part B, Grants to Native Hawaiians",ACL,NAC2-2020,SAC & FOX OF MISSISSIPPI IN IOWA,28920
"Special Programs for the Aging, Title VI, Part A, Grants to Indian Tribes, Part B, Grants to Native Hawaiians",ACL,NAC2-2020,SENECA CAYUGA TRIBE OF OKLAHOMA,28920
"Special Programs for the Aging, Title VI, Part A, Grants to Indian Tribes, Part B, Grants to Native Hawaiians",ACL,NAC2-2020,"Shinnecock Indian Nation Fund, Inc",28920
"Special Programs for the Aging, Title VI, Part A, Grants to Indian Tribes, Part B, Grants to Native Hawaiians",ACL,NAC2-2020,SPOKANE INDIAN TRIBE,28920
"Special Programs for the Aging, Title VI, Part A, Grants to Indian Tribes, Part B, Grants to Native Hawaiians",ACL,NAC2-2020,ST CROIX INDIAN TRIBE,28920
"Special Programs for the Aging, Title VI, Part A, Grants to Indian Tribes, Part B, Grants to Native Hawaiians",ACL,NAC2-2020,STOCKBRIDGE-MUNSEE TRIBAL COUNCIL,28920
"Special Programs for the Aging, Title VI, Part A, Grants to Indian Tribes, Part B, Grants to Native Hawaiians",ACL,NAC2-2020,SUQUAMISH & KLALLAM HEALTH PLAN,28920
"Special Programs for the Aging, Title VI, Part A, Grants to Indian Tribes, Part B, Grants to Native Hawaiians",ACL,NAC2-2020,SWINOMISH INDIAN TRIBAL COUNCIL,28920
"Special Programs for the Aging, Title VI, Part A, Grants to Indian Tribes, Part B, Grants to Native Hawaiians",ACL,NAC2-2020,TABLE BLUFF RANCHERIA,28920
"Special Programs for the Aging, Title VI, Part A, Grants to Indian Tribes, Part B, Grants to Native Hawaiians",ACL,NAC2-2020,TULE RIVER INDIAN HEALTH CENTER,28920
"Special Programs for the Aging, Title VI, Part A, Grants to Indian Tribes, Part B, Grants to Native Hawaiians",ACL,NAC2-2020,UTE MOUNTAIN UTE TRIBE,28920
"Special Programs for the Aging, Title VI, Part A, Grants to Indian Tribes, Part B, Grants to Native Hawaiians",ACL,NAC2-2020,WALKER RIVER PAIUTE TRIBE,28920
"Special Programs for the Aging, Title VI, Part A, Grants to Indian Tribes, Part B, Grants to Native Hawaiians",ACL,NAC2-2020,WAMPANOAG TRIBE OF GAY HEAD,28920
"Special Programs for the Aging, Title VI, Part A, Grants to Indian Tribes, Part B, Grants to Native Hawaiians",ACL,NAC2-2020,WASHOE TRIBE OF NEVADA & CALIFORNIA,28920
"Special Programs for the Aging, Title VI, Part A, Grants to Indian Tribes, Part B, Grants to Native Hawaiians",ACL,NAC2-2020,Winnebago Comprehensive Healthcare System,28920
"Special Programs for the Aging, Title VI, Part A, Grants to Indian Tribes, Part B, Grants to Native Hawaiians",ACL,NAC2-2020,Wrangell Cooperative Association,28920
"Special Programs for the Aging, Title VI, Part A, Grants to Indian Tribes, Part B, Grants to Native Hawaiians",ACL,NAC2-2020,YAVAPAI-APACHE NATION,28920
"Special Programs for the Aging, Title VI, Part A, Grants to Indian Tribes, Part B, Grants to Native Hawaiians",ACL,NAC2-2020,AK-CHIN INDIAN COMMUNITY,25500
"Special Programs for the Aging, Title VI, Part A, Grants to Indian Tribes, Part B, Grants to Native Hawaiians",ACL,NAC2-2020,ALABAMA-QUASSARTE TRIBAL TOWN,25500
"Special Programs for the Aging, Title VI, Part A, Grants to Indian Tribes, Part B, Grants to Native Hawaiians",ACL,NAC2-2020,ASA'CARSARMIUT TRIBAL COUNCIL,25500
"Special Programs for the Aging, Title VI, Part A, Grants to Indian Tribes, Part B, Grants to Native Hawaiians",ACL,NAC2-2020,BLUE LAKE RANCHERIA,25500
"Special Programs for the Aging, Title VI, Part A, Grants to Indian Tribes, Part B, Grants to Native Hawaiians",ACL,NAC2-2020,CADDO TRIBE OF OKLAHOMA,25500
"Special Programs for the Aging, Title VI, Part A, Grants to Indian Tribes, Part B, Grants to Native Hawaiians",ACL,NAC2-2020,COCOPAH INDIAN TRIBE COCOPAH TRIBAL OFFICE,25500
"Special Programs for the Aging, Title VI, Part A, Grants to Indian Tribes, Part B, Grants to Native Hawaiians",ACL,NAC2-2020,CRAIG COMMUNITY ASSOCIATION IRA COUNCIL,25500
"Special Programs for the Aging, Title VI, Part A, Grants to Indian Tribes, Part B, Grants to Native Hawaiians",ACL,NAC2-2020,DELAWARE TRIBE OF WESTERN OKLAHOMA,25500
"Special Programs for the Aging, Title VI, Part A, Grants to Indian Tribes, Part B, Grants to Native Hawaiians",ACL,NAC2-2020,FOREST COUNTY POTAWATOMI COMMUNITY,25500
"Special Programs for the Aging, Title VI, Part A, Grants to Indian Tribes, Part B, Grants to Native Hawaiians",ACL,NAC2-2020,FORT YUKON NATIVE VILLAGE,25500
"Special Programs for the Aging, Title VI, Part A, Grants to Indian Tribes, Part B, Grants to Native Hawaiians",ACL,NAC2-2020,GRAND PORTAGE RESERVATION INDIAN CHILD & FAMILY SVCS,25500
"Special Programs for the Aging, Title VI, Part A, Grants to Indian Tribes, Part B, Grants to Native Hawaiians",ACL,NAC2-2020,IOWA TRIBE OF KANSAS & NEBRASKA,25500
"Special Programs for the Aging, Title VI, Part A, Grants to Indian Tribes, Part B, Grants to Native Hawaiians",ACL,NAC2-2020,KAW NATION OF OKLAHOMA,25500
"Special Programs for the Aging, Title VI, Part A, Grants to Indian Tribes, Part B, Grants to Native Hawaiians",ACL,NAC2-2020,KLAWOCK COOPERATIVE ASSOCIATION,25500
"Special Programs for the Aging, Title VI, Part A, Grants to Indian Tribes, Part B, Grants to Native Hawaiians",ACL,NAC2-2020,"KOOTZNOOWOO, INC",25500
"Special Programs for the Aging, Title VI, Part A, Grants to Indian Tribes, Part B, Grants to Native Hawaiians",ACL,NAC2-2020,LOWER ELWHA BAND CLALLAM TRIBE,25500
"Special Programs for the Aging, Title VI, Part A, Grants to Indian Tribes, Part B, Grants to Native Hawaiians",ACL,NAC2-2020,Lower Sioux Community Council,25500
"Special Programs for the Aging, Title VI, Part A, Grants to Indian Tribes, Part B, Grants to Native Hawaiians",ACL,NAC2-2020,Mashantucket Pequot Tribal Nation,25500
"Special Programs for the Aging, Title VI, Part A, Grants to Indian Tribes, Part B, Grants to Native Hawaiians",ACL,NAC2-2020,NATIVE VILLAGE OF POINT HOPE,25500
"Special Programs for the Aging, Title VI, Part A, Grants to Indian Tribes, Part B, Grants to Native Hawaiians",ACL,NAC2-2020,"NOTTAWASEPPI HURON BAND OF THE POTAWATOMI, INC",25500
"Special Programs for the Aging, Title VI, Part A, Grants to Indian Tribes, Part B, Grants to Native Hawaiians",ACL,NAC2-2020,ORGANIZED VILLAGE OF KAKE,25500
"Special Programs for the Aging, Title VI, Part A, Grants to Indian Tribes, Part B, Grants to Native Hawaiians",ACL,NAC2-2020,"Organized Village of Saxman, Saxman I.R.A.",25500
"Special Programs for the Aging, Title VI, Part A, Grants to Indian Tribes, Part B, Grants to Native Hawaiians",ACL,NAC2-2020,PICAYUNE RANCHERIA OF THE CHUKCHANSI INDIANS,25500
"Special Programs for the Aging, Title VI, Part A, Grants to Indian Tribes, Part B, Grants to Native Hawaiians",ACL,NAC2-2020,PONCA TRIBE OF NEBRASKA,25500
"Special Programs for the Aging, Title VI, Part A, Grants to Indian Tribes, Part B, Grants to Native Hawaiians",ACL,NAC2-2020,QUILEUTE INDIAN TRIBE,25500
"Special Programs for the Aging, Title VI, Part A, Grants to Indian Tribes, Part B, Grants to Native Hawaiians",ACL,NAC2-2020,"Santa Ynez Tribal Health Clinic, Santa Ynez Mission Ind",25500
"Special Programs for the Aging, Title VI, Part A, Grants to Indian Tribes, Part B, Grants to Native Hawaiians",ACL,NAC2-2020,SANTEE SIOUX TRIBE OF NEBRASKA,25500
"Special Programs for the Aging, Title VI, Part A, Grants to Indian Tribes, Part B, Grants to Native Hawaiians",ACL,NAC2-2020,SAUK SUIATTLE INDIAN TRIBE,25500
"Special Programs for the Aging, Title VI, Part A, Grants to Indian Tribes, Part B, Grants to Native Hawaiians",ACL,NAC2-2020,SELDOVIA VILLAGE TRIBE,25500
"Special Programs for the Aging, Title VI, Part A, Grants to Indian Tribes, Part B, Grants to Native Hawaiians",ACL,NAC2-2020,Snoqualmie Indian Tribe,25500
"Special Programs for the Aging, Title VI, Part A, Grants to Indian Tribes, Part B, Grants to Native Hawaiians",ACL,NAC2-2020,SOKAOGON CHIPPEWA COMMUNITY TRIBAL COUNCIL,25500
"Special Programs for the Aging, Title VI, Part A, Grants to Indian Tribes, Part B, Grants to Native Hawaiians",ACL,NAC2-2020,TESUQUE PUEBLO TRIBES,25500
"Special Programs for the Aging, Title VI, Part A, Grants to Indian Tribes, Part B, Grants to Native Hawaiians",ACL,NAC2-2020,The Kickapoo Traditional Tribe of Texas,25500
"Special Programs for the Aging, Title VI, Part A, Grants to Indian Tribes, Part B, Grants to Native Hawaiians",ACL,NAC2-2020,THE NATIVE VILLAGE OF EYAK TRIBAL COUNCIL,25500
"Special Programs for the Aging, Title VI, Part A, Grants to Indian Tribes, Part B, Grants to Native Hawaiians",ACL,NAC2-2020,UPPER SKAGIT INDIAN TRIBE,25500
"Special Programs for the Aging, Title VI, Part A, Grants to Indian Tribes, Part B, Grants to Native Hawaiians",ACL,NAC2-2020,WILTON RANCHERIA,25500
"Special Programs for the Aging, Title VI, Part A, Grants to Indian Tribes, Part B, Grants to Native Hawaiians",ACL,NAC2-2020,YAKUTAT TLINGIT TRIBE,25500
"Special Programs for the Aging, Title VI, Part A, Grants to Indian Tribes, Part B, Grants to Native Hawaiians",ACL,NAC2-2020,YERINGTON PAIUTE TRIBE,25500
"Special Programs for the Aging, Title VI, Part A, Grants to Indian Tribes, Part B, Grants to Native Hawaiians",ACL,NAC2-2020,KICKAPOO TRIBE OF OKLAHOMA,19780
Strengthening Public Health Systems and Services through National Partnerships to Improve and Protect the Nations Health,CDC,Strengthening the Urban Indian Public Health System via Capacity Building  Assistance in Policy and Regulation Monitoring,NATIONAL COUNCIL OF URBAN INDIAN HEALTH,8000000
Strengthening Public Health Systems and Services through National Partnerships to Improve and Protect the Nations Health,CDC,Enhancing the Capacity of Tribal Public Health Departments,"NATIONAL INDIAN HEALTH BOARD, INC",2000000
Tribal Public Health Capacity Building and Quality Improvement Umbrella Cooperative Agreement,CDC,AASTEC Tribal Public Health Capacity Building and Quality Improvement Project,ALBUQUERQUE AREA INDIAN HEALTH BOARD INC.,3005629
Tribal Public Health Capacity Building and Quality Improvement Umbrella Cooperative Agreement,CDC,Building Public Health Capacity in California's Tribal communities,"California Rural Indian Health Board, Inc.",3005629
Tribal Public Health Capacity Building and Quality Improvement Umbrella Cooperative Agreement,CDC,GLITEC Saving Lives Project,"GREAT LAKES INTER-TRIBAL COUNCIL, INC",3005629
Tribal Public Health Capacity Building and Quality Improvement Umbrella Cooperative Agreement,CDC,Public Health Workforce Expansion in Indian Country (PHWEIC),ROCKY MOUNTAIN TRIBAL LEADERS COUNCIL,3005629
Tribal Public Health Capacity Building and Quality Improvement Umbrella Cooperative Agreement,CDC,Expanding Social Determinants of Health,"UNITED SOUTH and EASTERN TRIBES, INC",3005628
Tribal Public Health Capacity Building and Quality Improvement Umbrella Cooperative Agreement,CDC,Public Health Improvement and Training,NORTHWEST PORTLAND.,3005628
Tribal Public Health Capacity Building and Quality Improvement Umbrella Cooperative Agreement,CDC,Southern Plains Tribal Public Health Capacity Project,SOUTHERN PLAINS TRIBAL HEALTH BOARD FOUNDATION,3005628
Tribal Public Health Capacity Building and Quality Improvement Umbrella Cooperative Agreement,CDC,Year 2 Continuation: Opioid Overdose Prevention in Tribal Communities - Strategy 1 & Strategy 2,ALASKA NATIVE TRIBAL HEALTH CONSORTIUM,3005628
Tribal Public Health Capacity Building and Quality Improvement Umbrella Cooperative Agreement,CDC,Tribal Public Health Capacity Building and Quality Improvement umbrella Cooperative Agreement/Opioid Overdose Prevention in Tribal Communities,BRISTOL BAY AREA HEALTH CORPORATION,2204972
Tribal Public Health Capacity Building and Quality Improvement Umbrella Cooperative Agreement,CDC,Cherokee Nation Public Health Youth Risk Behavior Survey and School Health Profiles,CHEROKEE NATION OF OKLAHOMA,750000
Tribal Public Health Capacity Building and Quality Improvement Umbrella Cooperative Agreement,CDC,Choctaw Nation - Public Health Strategic Planning Talking Circles (PHSPTC),CHOCTAW NATION OF OKLAHOMA,750000
Tribal Public Health Capacity Building and Quality Improvement Umbrella Cooperative Agreement,CDC,The Chickasaw Nation Tribal Public Health Capacity Building and Quality Improvement Umbrella Cooperative Agreement Application,CHICKASAW NATION OF OKLAHOMA,750000
Tribal Public Health Capacity Building and Quality Improvement Umbrella Cooperative Agreement,CDC,Tribal Public Health Capacity Building and Quality Improvement Umbrella Cooperative Agreement,NAVAJO NATION,750000
